2026-04-09 02:05:40 [INFO] coin_scanner         [DEBUG] BTCDOM/USDT:USDT  ADX=64.5  ATR%=0.69%  VolRatio=0.00x  → 통과=False
2026-04-09 02:05:42 [WARNING] coin_scanner         [1MBABYDOGE/USDT:USDT] 네트워크 오류: binanceusdm 429 Too Many Requests {"code":-1003,"msg":"Too many requests; current limit of IP(3.172.65.110) is 6000 requests per minute. Please use the websocket for live updates to avoid polling the API."}
2026-04-09 02:05:52 [INFO] db_logger            DbLogger 초기화: /Users/choijihwan/Desktop/cryptosniper/cryptosniper.db
2026-04-09 02:05:52 [INFO] circuit_breaker      CircuitBreaker 시작  자본=1000.00U  일일손실한도=3.0%  연속손절한도=3회
2026-04-09 02:05:52 [INFO] main                 ============================================================
2026-04-09 02:05:52 [INFO] main                   CryptoSniper Bot 시작
2026-04-09 02:05:52 [INFO] main                   자본: 1,000.00 USDT
2026-04-09 02:05:52 [INFO] main                   모드: 테스트넷  [DRY RUN]
2026-04-09 02:05:52 [INFO] main                 ============================================================
2026-04-09 02:05:52 [INFO] telegram_notifier    TelegramNotifier 시작 (bot=cryptoSniper)
2026-04-09 02:05:52 [INFO] main                 초기 코인 스캔 시작...
2026-04-09 02:05:52 [INFO] coin_scanner         === 코인 스캔 시작 ===
2026-04-09 02:05:52 [INFO] coin_scanner         마켓 정보 로드 중...
2026-04-09 02:05:52 [INFO] coin_scanner         총 704개 마켓 로드 완료
2026-04-09 02:05:52 [INFO] coin_scanner         전체 티커 조회 중...
2026-04-09 02:05:54 [INFO] coin_scanner         티커 심볼 샘플: ['ATH/USDT:USDT', 'M/USDT:USDT', 'S/USDT:USDT', 'NVDA/USDT:USDT', 'FIL/USDC:USDC']
2026-04-09 02:05:54 [INFO] coin_scanner         거래대금 필터 통과: 152개
2026-04-09 02:06:25 [INFO] coin_scanner         [DEBUG] ETH/USDT:USDT  ADX=38.5  ATR%=0.82%  VolRatio=0.08x  → 통과=False
2026-04-09 02:06:40 [WARNING] coin_scanner         [FIS/USDT:USDT] 429 감지 — 5초 대기 (연속 1회)
2026-04-09 02:07:17 [INFO] coin_scanner         [DEBUG] BTC/USDT:USDT  ADX=44.0  ATR%=0.61%  VolRatio=0.19x  → 통과=False
2026-04-09 02:07:26 [INFO] coin_scanner         === 스캔 완료: 최종 후보 0개 ===
2026-04-09 02:07:26 [INFO] main                 스캔 완료: 0개 후보
2026-04-09 02:07:26 [WARNING] main                 초기 스캔에서 후보 코인 없음 — 기본 심볼로 시작
2026-04-09 02:07:26 [INFO] data_fetcher         DataFetcher 시작
2026-04-09 02:07:26 [INFO] data_fetcher         초기 OHLCV 데이터 REST 로드 중...
2026-04-09 02:07:27 [INFO] data_fetcher         초기 데이터 로드 완료
2026-04-09 02:07:27 [INFO] data_fetcher         WebSocket 연결: wss://fstream.binance.com/stream?streams=btcusdt@kline_15m/btcusdt@kline_1h/ethu...
2026-04-09 02:07:27 [INFO] data_fetcher         WebSocket 스레드 시작 완료
2026-04-09 02:07:27 [INFO] orderbook            OrderBookManager 종료
2026-04-09 02:07:27 [INFO] orderbook            OrderBookManager 시작
2026-04-09 02:07:27 [INFO] orderbook            호가창 WebSocket 연결: wss://fstream.binance.com/stream?streams=btcusdt@depth20@100ms/ethusdt@depth20@1...
2026-04-09 02:07:27 [INFO] main                 피드 시작: 2개 심볼  ['15m', '1h']
2026-04-09 02:07:27 [INFO] main                 스케줄러 시작 완료
2026-04-09 02:07:27 [INFO] main                 봇 정상 가동 중... (Ctrl+C 로 종료)
2026-04-09 02:07:27 [INFO] data_fetcher         WebSocket 연결 성공
2026-04-09 02:07:27 [INFO] orderbook            호가창 WebSocket 연결 성공
2026-04-09 02:10:14 [INFO] main                 봇 종료 시작...
2026-04-09 02:10:14 [INFO] data_fetcher         DataFetcher 종료 중...
2026-04-09 02:10:14 [WARNING] data_fetcher         WebSocket 닫힘 (code=None, msg=None)
2026-04-09 02:10:14 [INFO] data_fetcher         DataFetcher 종료 완료
2026-04-09 02:10:14 [INFO] orderbook            OrderBookManager 종료
2026-04-09 02:10:14 [WARNING] orderbook            호가창 WebSocket 닫힘 (code=None)
2026-04-09 02:10:16 [INFO] telegram_notifier    TelegramNotifier 종료 중...
2026-04-09 02:10:16 [INFO] main                 봇 종료 완료
2026-04-09 02:10:19 [INFO] db_logger            DbLogger 초기화: /Users/choijihwan/Desktop/cryptosniper/cryptosniper.db
2026-04-09 02:10:19 [INFO] circuit_breaker      CircuitBreaker 시작  자본=1000.00U  일일손실한도=3.0%  연속손절한도=3회
2026-04-09 02:10:19 [INFO] main                 ============================================================
2026-04-09 02:10:19 [INFO] main                   CryptoSniper Bot 시작
2026-04-09 02:10:19 [INFO] main                   자본: 1,000.00 USDT
2026-04-09 02:10:19 [INFO] main                   모드: 테스트넷  [DRY RUN]
2026-04-09 02:10:19 [INFO] main                 ============================================================
2026-04-09 02:10:19 [INFO] telegram_notifier    TelegramNotifier 시작 (bot=cryptoSniper)
2026-04-09 02:10:19 [INFO] main                 초기 코인 스캔 시작...
2026-04-09 02:10:19 [INFO] coin_scanner         === 코인 스캔 시작 ===
2026-04-09 02:10:19 [INFO] coin_scanner         마켓 정보 로드 중...
2026-04-09 02:10:19 [INFO] coin_scanner         총 704개 마켓 로드 완료
2026-04-09 02:10:19 [INFO] coin_scanner         전체 티커 조회 중...
2026-04-09 02:10:21 [INFO] coin_scanner         티커 심볼 샘플: ['NIGHT/USDT:USDT', '1INCH/USDT:USDT', 'CHZ/USDT:USDT', 'ZEREBRO/USDT:USDT', 'SKYAI/USDT:USDT']
2026-04-09 02:10:21 [INFO] coin_scanner         거래대금 필터 통과: 517개
2026-04-09 02:12:34 [INFO] coin_scanner         [DEBUG] ETH/USDT:USDT  ADX=38.5  ATR%=0.82%  VolRatio=0.14x  → 통과=False
2026-04-09 02:12:44 [WARNING] coin_scanner         [MANTA/USDT:USDT] 429 감지 — 5초 대기 (연속 1회)
2026-04-09 02:12:54 [WARNING] coin_scanner         [BARD/USDT:USDT] 429 감지 — 5초 대기 (연속 1회)
2026-04-09 02:13:13 [INFO] coin_scanner         [DEBUG] ETHFI/USDT:USDT  ADX=33.8  ATR%=0.90%  VolRatio=0.55x  → 통과=False
2026-04-09 02:13:19 [INFO] coin_scanner         [DEBUG] BTC/USDT:USDT  ADX=44.0  ATR%=0.61%  VolRatio=0.26x  → 통과=False
2026-04-09 02:13:46 [WARNING] coin_scanner         [OXT/USDT:USDT] 429 감지 — 5초 대기 (연속 1회)
2026-04-09 02:13:53 [WARNING] coin_scanner         [KNC/USDT:USDT] 429 감지 — 5초 대기 (연속 1회)
2026-04-09 02:13:59 [WARNING] coin_scanner         [STO/USDT:USDT] 429 감지 — 5초 대기 (연속 1회)
2026-04-09 02:14:06 [INFO] coin_scanner         [DEBUG] ETHW/USDT:USDT  ADX=42.3  ATR%=0.93%  VolRatio=0.11x  → 통과=False
2026-04-09 02:14:25 [INFO] coin_scanner         [DEBUG] PUMPBTC/USDT:USDT  ADX=22.8  ATR%=1.20%  VolRatio=0.00x  → 통과=False
2026-04-09 02:14:33 [WARNING] coin_scanner         [WET/USDT:USDT] 429 감지 — 5초 대기 (연속 1회)
2026-04-09 02:14:46 [WARNING] coin_scanner         [CHR/USDT:USDT] 429 감지 — 5초 대기 (연속 1회)
2026-04-09 02:14:59 [WARNING] coin_scanner         [YALA/USDT:USDT] 429 감지 — 5초 대기 (연속 1회)
2026-04-09 02:15:07 [INFO] coin_scanner         [DEBUG] BTCDOM/USDT:USDT  ADX=64.4  ATR%=0.71%  VolRatio=0.00x  → 통과=False
2026-04-09 02:15:37 [WARNING] coin_scanner         [ZORA/USDT:USDT] 429 감지 — 5초 대기 (연속 1회)
2026-04-09 02:15:50 [WARNING] coin_scanner         [ARKM/USDT:USDT] 429 감지 — 5초 대기 (연속 1회)
2026-04-09 02:15:56 [WARNING] coin_scanner         [ENA/USDT:USDT] 429 감지 — 5초 대기 (연속 1회)
2026-04-09 02:16:12 [INFO] coin_scanner         === 스캔 완료: 최종 후보 1개 ===
2026-04-09 02:16:12 [INFO] coin_scanner           RESOLV/USDT:USDT | score=2.3 | ADX=40.9 | ATR%=1.93% | VolRatio=1.4x
2026-04-09 02:16:12 [INFO] main                 스캔 완료: 1개 후보
2026-04-09 02:16:12 [INFO] data_fetcher         DataFetcher 시작
2026-04-09 02:16:12 [INFO] data_fetcher         초기 OHLCV 데이터 REST 로드 중...
2026-04-09 02:16:13 [INFO] data_fetcher         초기 데이터 로드 완료
2026-04-09 02:16:13 [INFO] data_fetcher         WebSocket 연결: wss://fstream.binance.com/stream?streams=resolvusdt@kline_15m/resolvusdt@kline_1...
2026-04-09 02:16:13 [INFO] data_fetcher         WebSocket 스레드 시작 완료
2026-04-09 02:16:13 [INFO] orderbook            OrderBookManager 종료
2026-04-09 02:16:13 [INFO] orderbook            OrderBookManager 시작
2026-04-09 02:16:13 [INFO] orderbook            호가창 WebSocket 연결: wss://fstream.binance.com/stream?streams=resolvusdt@depth20@100ms...
2026-04-09 02:16:13 [INFO] main                 피드 시작: 1개 심볼  ['15m', '1h']
2026-04-09 02:16:13 [INFO] main                 스케줄러 시작 완료
2026-04-09 02:16:13 [INFO] main                 봇 정상 가동 중... (Ctrl+C 로 종료)
2026-04-09 02:16:13 [INFO] data_fetcher         WebSocket 연결 성공
2026-04-09 02:16:13 [INFO] orderbook            호가창 WebSocket 연결 성공
2026-04-09 02:21:00 [INFO] db_logger            DbLogger 초기화: /Users/choijihwan/Desktop/cryptosniper/cryptosniper.db
2026-04-09 02:21:00 [INFO] circuit_breaker      CircuitBreaker 시작  자본=1000.00U  일일손실한도=3.0%  연속손절한도=3회
2026-04-09 02:21:00 [INFO] main                 ============================================================
2026-04-09 02:21:00 [INFO] main                   CryptoSniper Bot 시작
2026-04-09 02:21:00 [INFO] main                   자본: 1,000.00 USDT
2026-04-09 02:21:00 [INFO] main                   모드: 테스트넷  [DRY RUN]
2026-04-09 02:21:00 [INFO] main                 ============================================================
2026-04-09 02:21:00 [INFO] telegram_notifier    TelegramNotifier 시작 (bot=cryptoSniper)
2026-04-09 02:21:00 [INFO] main                 초기 코인 스캔 시작...
2026-04-09 02:21:00 [INFO] coin_scanner         === 코인 스캔 시작 ===
2026-04-09 02:21:00 [INFO] coin_scanner         마켓 정보 로드 중...
2026-04-09 02:21:01 [INFO] coin_scanner         총 704개 마켓 로드 완료
2026-04-09 02:21:01 [INFO] coin_scanner         전체 티커 조회 중...
2026-04-09 02:21:03 [INFO] coin_scanner         티커 심볼 샘플: ['ALICE/USDT:USDT', 'CUDIS/USDT:USDT', 'SEI/USDT:USDT', 'UNIBUSD', 'THE/USDT:USDT']
2026-04-09 02:21:03 [INFO] coin_scanner         거래대금 필터 통과: 517개
2026-04-09 02:21:07 [INFO] main                 봇 종료 시작...
2026-04-09 02:21:07 [INFO] data_fetcher         DataFetcher 종료 중...
2026-04-09 02:21:07 [WARNING] data_fetcher         WebSocket 닫힘 (code=None, msg=None)
2026-04-09 02:21:07 [INFO] data_fetcher         DataFetcher 종료 완료
2026-04-09 02:21:07 [INFO] orderbook            OrderBookManager 종료
2026-04-09 02:21:07 [WARNING] orderbook            호가창 WebSocket 닫힘 (code=None)
2026-04-09 02:21:10 [INFO] telegram_notifier    TelegramNotifier 종료 중...
2026-04-09 02:21:10 [INFO] main                 봇 종료 완료
2026-04-09 02:21:18 [INFO] coin_scanner         [DEBUG] BTCDOM/USDT:USDT  ADX=64.3  ATR%=0.72%  VolRatio=0.00x  → 통과=False
2026-04-09 02:21:43 [INFO] coin_scanner         [DEBUG] ETH/USDT:USDT  ADX=38.6  ATR%=0.82%  VolRatio=0.27x  → 통과=False
2026-04-09 02:22:37 [INFO] coin_scanner         [DEBUG] BTC/USDT:USDT  ADX=44.0  ATR%=0.61%  VolRatio=0.26x  → 통과=False
2026-04-09 02:22:58 [INFO] coin_scanner         [DEBUG] ETHFI/USDT:USDT  ADX=33.7  ATR%=0.91%  VolRatio=0.66x  → 통과=False
2026-04-09 02:23:51 [WARNING] coin_scanner         [PENGU/USDT:USDT] 429 감지 — 5초 대기 (연속 1회)
2026-04-09 02:24:50 [WARNING] coin_scanner         [EWJ/USDT:USDT] 429 감지 — 5초 대기 (연속 1회)
2026-04-09 02:24:55 [WARNING] coin_scanner         [AVAAI/USDT:USDT] 429 감지 — 5초 대기 (연속 1회)
2026-04-09 02:25:07 [INFO] coin_scanner         [DEBUG] PUMPBTC/USDT:USDT  ADX=22.9  ATR%=1.21%  VolRatio=0.00x  → 통과=False
2026-04-09 02:25:32 [INFO] coin_scanner         [DEBUG] ETHW/USDT:USDT  ADX=42.3  ATR%=0.94%  VolRatio=0.51x  → 통과=False
2026-04-09 02:25:36 [WARNING] coin_scanner         [SANTOS/USDT:USDT] 429 감지 — 5초 대기 (연속 1회)
2026-04-09 02:25:52 [WARNING] coin_scanner         [1000WHY/USDT:USDT] 429 감지 — 5초 대기 (연속 1회)
2026-04-09 02:25:58 [WARNING] coin_scanner         [SXT/USDT:USDT] 429 감지 — 5초 대기 (연속 1회)
2026-04-09 02:26:39 [INFO] coin_scanner         === 스캔 완료: 최종 후보 5개 ===
2026-04-09 02:26:39 [INFO] coin_scanner           SLP/USDT:USDT   | score=4.4 | ADX=36.3 | ATR%=1.59% | VolRatio=9.6x
2026-04-09 02:26:39 [INFO] coin_scanner           MAGMA/USDT:USDT | score=3.6 | ADX=39.3 | ATR%=2.56% | VolRatio=2.7x
2026-04-09 02:26:39 [INFO] coin_scanner           BR/USDT:USDT    | score=2.6 | ADX=34.8 | ATR%=2.72% | VolRatio=1.6x
2026-04-09 02:26:39 [INFO] coin_scanner           RESOLV/USDT:USDT | score=2.4 | ADX=41.0 | ATR%=1.96% | VolRatio=1.7x
2026-04-09 02:26:39 [INFO] coin_scanner           ALICE/USDT:USDT | score=2.3 | ADX=36.7 | ATR%=2.31% | VolRatio=1.3x
2026-04-09 02:26:39 [INFO] main                 스캔 완료: 5개 후보
2026-04-09 02:26:39 [INFO] data_fetcher         DataFetcher 시작
2026-04-09 02:26:39 [INFO] data_fetcher         초기 OHLCV 데이터 REST 로드 중...
2026-04-09 02:26:41 [INFO] data_fetcher         초기 데이터 로드 완료
2026-04-09 02:26:41 [INFO] data_fetcher         WebSocket 연결: wss://fstream.binance.com/stream?streams=slpusdt@kline_15m/slpusdt@kline_1h/magm...
2026-04-09 02:26:41 [INFO] data_fetcher         WebSocket 스레드 시작 완료
2026-04-09 02:26:41 [INFO] orderbook            OrderBookManager 종료
2026-04-09 02:26:41 [INFO] orderbook            OrderBookManager 시작
2026-04-09 02:26:41 [INFO] orderbook            호가창 WebSocket 연결: wss://fstream.binance.com/stream?streams=slpusdt@depth20@100ms/magmausdt@depth20...
2026-04-09 02:26:41 [INFO] main                 피드 시작: 5개 심볼  ['15m', '1h']
2026-04-09 02:26:41 [INFO] main                 스케줄러 시작 완료
2026-04-09 02:26:41 [INFO] main                 봇 정상 가동 중... (Ctrl+C 로 종료)
2026-04-09 02:26:41 [INFO] data_fetcher         WebSocket 연결 성공
2026-04-09 02:26:41 [INFO] orderbook            호가창 WebSocket 연결 성공
2026-04-09 02:31:41 [INFO] main                 정기 스캔 시작...
2026-04-09 02:31:41 [INFO] coin_scanner         === 코인 스캔 시작 ===
2026-04-09 02:31:41 [INFO] coin_scanner         전체 티커 조회 중...
2026-04-09 02:31:41 [ERROR] order_executor       잔고 조회 실패: binanceusdm testnet/sandbox mode is not supported for futures anymore, please check the deprecation announcement https://t.me/ccxt_announcements/92 and consider using the demo trading instead.
2026-04-09 02:31:41 [INFO] coin_scanner         티커 심볼 샘플: ['TON/USDT:USDT', 'APEBUSD', 'ACE/USDT:USDT', 'MLN/USDT:USDT', 'BAL/USDT:USDT']
2026-04-09 02:31:41 [INFO] coin_scanner         거래대금 필터 통과: 516개
2026-04-09 02:31:42 [INFO] coin_scanner         [DEBUG] BTC/USDT:USDT  ADX=44.0  ATR%=0.61%  VolRatio=0.56x  → 통과=False
2026-04-09 02:31:47 [INFO] coin_scanner         [DEBUG] ETHFI/USDT:USDT  ADX=33.7  ATR%=0.93%  VolRatio=0.66x  → 통과=False
2026-04-09 02:32:36 [INFO] coin_scanner         [DEBUG] ETH/USDT:USDT  ADX=38.6  ATR%=0.84%  VolRatio=0.59x  → 통과=False
2026-04-09 02:32:46 [WARNING] coin_scanner         [SPK/USDT:USDT] 429 감지 — 5초 대기 (연속 1회)
2026-04-09 02:32:55 [WARNING] coin_scanner         [OG/USDT:USDT] 429 감지 — 5초 대기 (연속 1회)
2026-04-09 02:33:48 [WARNING] coin_scanner         [XRP/USDT:USDT] 429 감지 — 5초 대기 (연속 1회)
2026-04-09 02:33:59 [WARNING] coin_scanner         [ETC/USDT:USDT] 429 감지 — 5초 대기 (연속 1회)
2026-04-09 02:34:24 [INFO] coin_scanner         [DEBUG] ETHW/USDT:USDT  ADX=42.3  ATR%=0.96%  VolRatio=0.67x  → 통과=False
2026-04-09 02:34:50 [INFO] coin_scanner         [DEBUG] PUMPBTC/USDT:USDT  ADX=22.9  ATR%=1.21%  VolRatio=0.00x  → 통과=False
2026-04-09 02:35:22 [INFO] coin_scanner         [DEBUG] BTCDOM/USDT:USDT  ADX=64.1  ATR%=0.72%  VolRatio=0.00x  → 통과=False
2026-04-09 02:35:49 [WARNING] coin_scanner         [B/USDT:USDT] 429 감지 — 5초 대기 (연속 1회)
2026-04-09 02:35:58 [WARNING] coin_scanner         [SSV/USDT:USDT] 429 감지 — 5초 대기 (연속 1회)
2026-04-09 02:36:41 [WARNING] apscheduler.scheduler Execution of job "코인 스캔 (trigger: interval[0:05:00], next run at: 2026-04-09 02:36:41 KST)" skipped: maximum number of running instances reached (1)
2026-04-09 02:36:41 [ERROR] order_executor       잔고 조회 실패: binanceusdm testnet/sandbox mode is not supported for futures anymore, please check the deprecation announcement https://t.me/ccxt_announcements/92 and consider using the demo trading instead.
2026-04-09 02:36:43 [WARNING] coin_scanner         [COS/USDT:USDT] 429 감지 — 5초 대기 (연속 1회)
2026-04-09 02:36:51 [WARNING] coin_scanner         [LSK/USDT:USDT] 429 감지 — 5초 대기 (연속 1회)
2026-04-09 02:37:21 [INFO] coin_scanner         === 스캔 완료: 최종 후보 10개 ===
2026-04-09 02:37:21 [INFO] coin_scanner           ATA/USDT:USDT   | score=5.1 | ADX=52.8 | ATR%=3.14% | VolRatio=1.2x
2026-04-09 02:37:21 [INFO] coin_scanner           ENJ/USDT:USDT   | score=5.0 | ADX=54.7 | ATR%=2.81% | VolRatio=1.4x
2026-04-09 02:37:21 [INFO] coin_scanner           SLP/USDT:USDT   | score=4.4 | ADX=36.3 | ATR%=1.63% | VolRatio=10.6x
2026-04-09 02:37:21 [INFO] coin_scanner           MAGMA/USDT:USDT | score=4.3 | ADX=39.4 | ATR%=2.60% | VolRatio=3.4x
2026-04-09 02:37:21 [INFO] coin_scanner           EUL/USDT:USDT   | score=4.1 | ADX=50.7 | ATR%=2.23% | VolRatio=2.3x
2026-04-09 02:37:21 [INFO] coin_scanner           ALICE/USDT:USDT | score=3.2 | ADX=36.7 | ATR%=2.29% | VolRatio=2.9x
2026-04-09 02:37:21 [INFO] coin_scanner           BR/USDT:USDT    | score=2.6 | ADX=34.7 | ATR%=2.74% | VolRatio=1.6x
2026-04-09 02:37:21 [INFO] coin_scanner           PIXEL/USDT:USDT | score=2.6 | ADX=44.1 | ATR%=1.82% | VolRatio=1.4x
2026-04-09 02:37:21 [INFO] coin_scanner           RESOLV/USDT:USDT | score=2.4 | ADX=41.2 | ATR%=1.99% | VolRatio=1.9x
2026-04-09 02:37:21 [INFO] coin_scanner           DAM/USDT:USDT   | score=2.3 | ADX=38.8 | ATR%=2.11% | VolRatio=1.6x
2026-04-09 02:37:21 [INFO] main                 스캔 완료: 10개 후보
2026-04-09 02:37:21 [INFO] main                 심볼 변경 감지  추가=['DAM/USDT:USDT', 'PIXEL/USDT:USDT', 'ENJ/USDT:USDT', 'ATA/USDT:USDT', 'EUL/USDT:USDT']  제거=[]
2026-04-09 02:37:21 [INFO] data_fetcher         DataFetcher 종료 중...
2026-04-09 02:37:21 [WARNING] data_fetcher         WebSocket 닫힘 (code=None, msg=None)
2026-04-09 02:37:21 [INFO] data_fetcher         DataFetcher 종료 완료
2026-04-09 02:37:21 [INFO] data_fetcher         DataFetcher 시작
2026-04-09 02:37:21 [INFO] data_fetcher         초기 OHLCV 데이터 REST 로드 중...
2026-04-09 02:37:25 [INFO] data_fetcher         초기 데이터 로드 완료
2026-04-09 02:37:25 [INFO] data_fetcher         WebSocket 연결: wss://fstream.binance.com/stream?streams=damusdt@kline_15m/damusdt@kline_1h/enju...
2026-04-09 02:37:25 [INFO] data_fetcher         WebSocket 스레드 시작 완료
2026-04-09 02:37:25 [INFO] orderbook            OrderBookManager 종료
2026-04-09 02:37:25 [WARNING] orderbook            호가창 WebSocket 닫힘 (code=None)
2026-04-09 02:37:25 [INFO] orderbook            OrderBookManager 시작
2026-04-09 02:37:25 [INFO] orderbook            호가창 WebSocket 연결: wss://fstream.binance.com/stream?streams=damusdt@depth20@100ms/enjusdt@depth20@1...
2026-04-09 02:37:25 [INFO] main                 피드 시작: 10개 심볼  ['15m', '1h']
2026-04-09 02:37:25 [INFO] data_fetcher         WebSocket 연결 성공
2026-04-09 02:37:25 [INFO] orderbook            호가창 WebSocket 연결 성공
2026-04-09 02:41:41 [INFO] main                 정기 스캔 시작...
2026-04-09 02:41:41 [ERROR] order_executor       잔고 조회 실패: binanceusdm testnet/sandbox mode is not supported for futures anymore, please check the deprecation announcement https://t.me/ccxt_announcements/92 and consider using the demo trading instead.
2026-04-09 02:41:41 [INFO] coin_scanner         === 코인 스캔 시작 ===
2026-04-09 02:41:41 [INFO] coin_scanner         전체 티커 조회 중...
2026-04-09 02:41:41 [INFO] coin_scanner         티커 심볼 샘플: ['UNI/USDT:USDT', 'MORPHO/USDT:USDT', 'GHST/USDT:USDT', 'XCN/USDT:USDT', 'BNBBUSD']
2026-04-09 02:41:41 [INFO] coin_scanner         거래대금 필터 통과: 518개
2026-04-09 02:41:43 [INFO] coin_scanner         [DEBUG] ETHFI/USDT:USDT  ADX=33.7  ATR%=0.94%  VolRatio=0.66x  → 통과=False
2026-04-09 02:41:53 [INFO] coin_scanner         [DEBUG] BTC/USDT:USDT  ADX=44.1  ATR%=0.61%  VolRatio=0.74x  → 통과=False
2026-04-09 02:41:59 [WARNING] coin_scanner         [VANA/USDT:USDT] 429 감지 — 5초 대기 (연속 1회)
2026-04-09 02:42:37 [WARNING] coin_scanner         [SEI/USDT:USDT] 429 감지 — 5초 대기 (연속 1회)
2026-04-09 02:42:47 [WARNING] coin_scanner         [BAN/USDT:USDT] 429 감지 — 5초 대기 (연속 1회)
2026-04-09 02:43:30 [WARNING] coin_scanner         [BIRB/USDT:USDT] 429 감지 — 5초 대기 (연속 1회)
2026-04-09 02:43:49 [WARNING] coin_scanner         [JOE/USDT:USDT] 429 감지 — 5초 대기 (연속 1회)
2026-04-09 02:44:30 [INFO] coin_scanner         [DEBUG] ETH/USDT:USDT  ADX=38.9  ATR%=0.86%  VolRatio=0.89x  → 통과=False
2026-04-09 02:44:42 [INFO] coin_scanner         [DEBUG] BTCDOM/USDT:USDT  ADX=64.1  ATR%=0.72%  VolRatio=0.00x  → 통과=False
2026-04-09 02:45:27 [INFO] coin_scanner         [DEBUG] PUMPBTC/USDT:USDT  ADX=23.0  ATR%=1.21%  VolRatio=0.10x  → 통과=False
2026-04-09 02:46:28 [INFO] coin_scanner         [DEBUG] ETHW/USDT:USDT  ADX=42.3  ATR%=0.96%  VolRatio=0.72x  → 통과=False
2026-04-09 02:46:41 [WARNING] apscheduler.scheduler Execution of job "코인 스캔 (trigger: interval[0:05:00], next run at: 2026-04-09 02:46:41 KST)" skipped: maximum number of running instances reached (1)
2026-04-09 02:46:41 [ERROR] order_executor       잔고 조회 실패: binanceusdm testnet/sandbox mode is not supported for futures anymore, please check the deprecation announcement https://t.me/ccxt_announcements/92 and consider using the demo trading instead.
2026-04-09 02:47:07 [INFO] coin_scanner         === 스캔 완료: 최종 후보 10개 ===
2026-04-09 02:47:07 [INFO] coin_scanner           ATA/USDT:USDT   | score=5.1 | ADX=52.7 | ATR%=3.14% | VolRatio=1.4x
2026-04-09 02:47:07 [INFO] coin_scanner           EUL/USDT:USDT   | score=5.0 | ADX=50.7 | ATR%=2.34% | VolRatio=3.1x
2026-04-09 02:47:07 [INFO] coin_scanner           HIPPO/USDT:USDT | score=5.0 | ADX=42.6 | ATR%=9.55% | VolRatio=1.2x
2026-04-09 02:47:07 [INFO] coin_scanner           MAGMA/USDT:USDT | score=5.0 | ADX=39.4 | ATR%=2.66% | VolRatio=4.0x
2026-04-09 02:47:07 [INFO] coin_scanner           ENJ/USDT:USDT   | score=4.9 | ADX=54.7 | ATR%=2.78% | VolRatio=2.0x
2026-04-09 02:47:07 [INFO] coin_scanner           SLP/USDT:USDT   | score=4.5 | ADX=36.3 | ATR%=1.65% | VolRatio=10.8x
2026-04-09 02:47:07 [INFO] coin_scanner           ALICE/USDT:USDT | score=3.9 | ADX=36.7 | ATR%=2.29% | VolRatio=3.6x
2026-04-09 02:47:07 [INFO] coin_scanner           GRIFFAIN/USDT:USDT | score=3.7 | ADX=34.6 | ATR%=3.67% | VolRatio=1.4x
2026-04-09 02:47:07 [INFO] coin_scanner           DAM/USDT:USDT   | score=3.0 | ADX=39.4 | ATR%=2.23% | VolRatio=2.5x
2026-04-09 02:47:07 [INFO] coin_scanner           FARTCOIN/USDT:USDT | score=2.8 | ADX=45.6 | ATR%=1.85% | VolRatio=1.3x
2026-04-09 02:47:07 [INFO] main                 스캔 완료: 10개 후보
2026-04-09 02:47:07 [INFO] main                 심볼 변경 감지  추가=['HIPPO/USDT:USDT', 'FARTCOIN/USDT:USDT', 'GRIFFAIN/USDT:USDT']  제거=['PIXEL/USDT:USDT', 'RESOLV/USDT:USDT', 'BR/USDT:USDT']
2026-04-09 02:47:07 [INFO] data_fetcher         DataFetcher 종료 중...
2026-04-09 02:47:07 [WARNING] data_fetcher         WebSocket 닫힘 (code=None, msg=None)
2026-04-09 02:47:07 [INFO] data_fetcher         DataFetcher 종료 완료
2026-04-09 02:47:07 [INFO] data_fetcher         DataFetcher 시작
2026-04-09 02:47:07 [INFO] data_fetcher         초기 OHLCV 데이터 REST 로드 중...
2026-04-09 02:47:11 [INFO] data_fetcher         초기 데이터 로드 완료
2026-04-09 02:47:11 [INFO] data_fetcher         WebSocket 연결: wss://fstream.binance.com/stream?streams=damusdt@kline_15m/damusdt@kline_1h/grif...
2026-04-09 02:47:11 [INFO] data_fetcher         WebSocket 스레드 시작 완료
2026-04-09 02:47:11 [INFO] orderbook            OrderBookManager 종료
2026-04-09 02:47:11 [WARNING] orderbook            호가창 WebSocket 닫힘 (code=None)
2026-04-09 02:47:11 [INFO] orderbook            OrderBookManager 시작
2026-04-09 02:47:11 [INFO] orderbook            호가창 WebSocket 연결: wss://fstream.binance.com/stream?streams=damusdt@depth20@100ms/griffainusdt@dept...
2026-04-09 02:47:11 [INFO] main                 피드 시작: 10개 심볼  ['15m', '1h']
2026-04-09 02:47:11 [INFO] data_fetcher         WebSocket 연결 성공
2026-04-09 02:47:11 [INFO] orderbook            호가창 WebSocket 연결 성공
2026-04-09 02:51:41 [INFO] main                 정기 스캔 시작...
2026-04-09 02:51:41 [ERROR] order_executor       잔고 조회 실패: binanceusdm testnet/sandbox mode is not supported for futures anymore, please check the deprecation announcement https://t.me/ccxt_announcements/92 and consider using the demo trading instead.
2026-04-09 02:51:41 [INFO] coin_scanner         === 코인 스캔 시작 ===
2026-04-09 02:51:41 [INFO] coin_scanner         전체 티커 조회 중...
2026-04-09 02:51:41 [INFO] coin_scanner         티커 심볼 샘플: ['LIT/USDT:USDT', 'POWR/USDT:USDT', 'ARPA/USDT:USDT', 'SIGN/USDT:USDT', 'ENJ/USDT:USDT']
2026-04-09 02:51:41 [INFO] coin_scanner         거래대금 필터 통과: 518개
2026-04-09 02:51:43 [INFO] coin_scanner         [DEBUG] ETH/USDT:USDT  ADX=38.9  ATR%=0.86%  VolRatio=0.91x  → 통과=False
2026-04-09 02:52:28 [INFO] coin_scanner         [DEBUG] BTC/USDT:USDT  ADX=44.2  ATR%=0.62%  VolRatio=0.89x  → 통과=False
2026-04-09 02:52:47 [INFO] coin_scanner         [DEBUG] ETHFI/USDT:USDT  ADX=33.7  ATR%=0.94%  VolRatio=0.67x  → 통과=False
2026-04-09 02:53:07 [INFO] coin_scanner         [DEBUG] PUMPBTC/USDT:USDT  ADX=23.0  ATR%=1.22%  VolRatio=0.10x  → 통과=False
2026-04-09 02:53:16 [INFO] coin_scanner         [DEBUG] ETHW/USDT:USDT  ADX=42.3  ATR%=0.96%  VolRatio=0.72x  → 통과=False
2026-04-09 02:55:43 [INFO] coin_scanner         [DEBUG] BTCDOM/USDT:USDT  ADX=64.1  ATR%=0.72%  VolRatio=0.01x  → 통과=False
2026-04-09 02:56:41 [WARNING] apscheduler.scheduler Execution of job "코인 스캔 (trigger: interval[0:05:00], next run at: 2026-04-09 02:56:41 KST)" skipped: maximum number of running instances reached (1)
2026-04-09 02:56:41 [ERROR] order_executor       잔고 조회 실패: binanceusdm testnet/sandbox mode is not supported for futures anymore, please check the deprecation announcement https://t.me/ccxt_announcements/92 and consider using the demo trading instead.
2026-04-09 02:56:50 [INFO] coin_scanner         === 스캔 완료: 최종 후보 10개 ===
2026-04-09 02:56:50 [INFO] coin_scanner           EUL/USDT:USDT   | score=5.6 | ADX=50.7 | ATR%=2.32% | VolRatio=3.7x
2026-04-09 02:56:50 [INFO] coin_scanner           MAGMA/USDT:USDT | score=5.4 | ADX=39.4 | ATR%=2.63% | VolRatio=4.4x
2026-04-09 02:56:50 [INFO] coin_scanner           ENJ/USDT:USDT   | score=5.2 | ADX=54.7 | ATR%=2.79% | VolRatio=2.2x
2026-04-09 02:56:50 [INFO] coin_scanner           ATA/USDT:USDT   | score=5.1 | ADX=52.7 | ATR%=3.12% | VolRatio=1.7x
2026-04-09 02:56:50 [INFO] coin_scanner           HIPPO/USDT:USDT | score=5.0 | ADX=42.6 | ATR%=9.42% | VolRatio=1.6x
2026-04-09 02:56:50 [INFO] coin_scanner           ARIA/USDT:USDT  | score=4.6 | ADX=39.2 | ATR%=4.37% | VolRatio=1.2x
2026-04-09 02:56:50 [INFO] coin_scanner           SLP/USDT:USDT   | score=4.5 | ADX=36.3 | ATR%=1.64% | VolRatio=11.0x
2026-04-09 02:56:50 [INFO] coin_scanner           ALICE/USDT:USDT | score=4.2 | ADX=36.7 | ATR%=2.27% | VolRatio=4.0x
2026-04-09 02:56:50 [INFO] coin_scanner           GUN/USDT:USDT   | score=4.0 | ADX=48.4 | ATR%=2.61% | VolRatio=1.2x
2026-04-09 02:56:50 [INFO] coin_scanner           GRIFFAIN/USDT:USDT | score=3.7 | ADX=34.7 | ATR%=3.69% | VolRatio=1.5x
2026-04-09 02:56:50 [INFO] main                 스캔 완료: 10개 후보
2026-04-09 02:56:50 [INFO] main                 심볼 변경 감지  추가=['ARIA/USDT:USDT', 'GUN/USDT:USDT']  제거=['DAM/USDT:USDT', 'FARTCOIN/USDT:USDT']
2026-04-09 02:56:50 [INFO] data_fetcher         DataFetcher 종료 중...
2026-04-09 02:56:51 [WARNING] data_fetcher         WebSocket 닫힘 (code=None, msg=None)
2026-04-09 02:56:51 [INFO] data_fetcher         DataFetcher 종료 완료
2026-04-09 02:56:51 [INFO] data_fetcher         DataFetcher 시작
2026-04-09 02:56:51 [INFO] data_fetcher         초기 OHLCV 데이터 REST 로드 중...
2026-04-09 02:56:52 [ERROR] data_fetcher         초기 로드 실패 [GRIFFAIN/USDT:USDT 15m]: binanceusdm 429 Too Many Requests {"code":-1003,"msg":"Too many requests; current limit of IP(15.158.3.14) is 6000 requests per minute. Please use the websocket for live updates to avoid polling the API."}
2026-04-09 02:56:54 [ERROR] data_fetcher         초기 로드 실패 [ATA/USDT:USDT 1h]: binanceusdm 429 Too Many Requests {"code":-1003,"msg":"Too many requests; current limit of IP(15.158.3.14) is 6000 requests per minute. Please use the websocket for live updates to avoid polling the API."}
2026-04-09 02:56:54 [INFO] data_fetcher         초기 데이터 로드 완료
2026-04-09 02:56:54 [INFO] data_fetcher         WebSocket 연결: wss://fstream.binance.com/stream?streams=hippousdt@kline_15m/hippousdt@kline_1h/...
2026-04-09 02:56:54 [INFO] data_fetcher         WebSocket 스레드 시작 완료
2026-04-09 02:56:54 [INFO] orderbook            OrderBookManager 종료
2026-04-09 02:56:54 [WARNING] orderbook            호가창 WebSocket 닫힘 (code=None)
2026-04-09 02:56:54 [INFO] orderbook            OrderBookManager 시작
2026-04-09 02:56:54 [INFO] orderbook            호가창 WebSocket 연결: wss://fstream.binance.com/stream?streams=hippousdt@depth20@100ms/gunusdt@depth20...
2026-04-09 02:56:54 [INFO] main                 피드 시작: 10개 심볼  ['15m', '1h']
2026-04-09 02:56:54 [INFO] data_fetcher         WebSocket 연결 성공
2026-04-09 02:56:54 [INFO] orderbook            호가창 WebSocket 연결 성공
2026-04-09 03:01:41 [INFO] main                 정기 스캔 시작...
2026-04-09 03:01:41 [ERROR] order_executor       잔고 조회 실패: binanceusdm testnet/sandbox mode is not supported for futures anymore, please check the deprecation announcement https://t.me/ccxt_announcements/92 and consider using the demo trading instead.
2026-04-09 03:01:41 [INFO] coin_scanner         === 코인 스캔 시작 ===
2026-04-09 03:01:41 [INFO] coin_scanner         전체 티커 조회 중...
2026-04-09 03:01:41 [INFO] coin_scanner         티커 심볼 샘플: ['ZKJ/USDT:USDT', 'NTRN/USDT:USDT', 'GMTBUSD', 'ZAMA/USDT:USDT', 'BTC/USDT:USDT-250627']
2026-04-09 03:01:41 [INFO] coin_scanner         거래대금 필터 통과: 516개
2026-04-09 03:01:49 [WARNING] coin_scanner         [GPS/USDT:USDT] 429 감지 — 5초 대기 (연속 1회)
2026-04-09 03:01:57 [INFO] coin_scanner         [DEBUG] ETHFI/USDT:USDT  ADX=31.4  ATR%=0.88%  VolRatio=0.00x  → 통과=False
2026-04-09 03:02:00 [INFO] coin_scanner         [DEBUG] ETHW/USDT:USDT  ADX=44.6  ATR%=0.89%  VolRatio=0.00x  → 통과=False
2026-04-09 03:02:24 [INFO] coin_scanner         [DEBUG] ETH/USDT:USDT  ADX=40.9  ATR%=0.80%  VolRatio=0.00x  → 통과=False
2026-04-09 03:03:25 [WARNING] coin_scanner         [CC/USDT:USDT] 429 감지 — 5초 대기 (연속 1회)
2026-04-09 03:03:33 [INFO] coin_scanner         [DEBUG] PUMPBTC/USDT:USDT  ADX=20.4  ATR%=1.17%  VolRatio=0.37x  → 통과=False
2026-04-09 03:03:35 [WARNING] coin_scanner         [BIO/USDT:USDT] 429 감지 — 5초 대기 (연속 1회)
2026-04-09 03:03:57 [WARNING] coin_scanner         [RAYSOL/USDT:USDT] 429 감지 — 5초 대기 (연속 1회)
2026-04-09 03:04:26 [WARNING] coin_scanner         [AVNT/USDT:USDT] 429 감지 — 5초 대기 (연속 1회)
2026-04-09 03:04:42 [WARNING] coin_scanner         [LISTA/USDT:USDT] 429 감지 — 5초 대기 (연속 1회)
2026-04-09 03:04:50 [WARNING] coin_scanner         [42/USDT:USDT] 429 감지 — 5초 대기 (연속 1회)
2026-04-09 03:05:40 [WARNING] coin_scanner         [CGPT/USDT:USDT] 429 감지 — 5초 대기 (연속 1회)
2026-04-09 03:05:48 [WARNING] coin_scanner         [OG/USDT:USDT] 429 감지 — 5초 대기 (연속 1회)
2026-04-09 03:05:53 [WARNING] coin_scanner         [IO/USDT:USDT] 429 감지 — 10초 대기 (연속 2회)
2026-04-09 03:06:15 [INFO] coin_scanner         [DEBUG] BTC/USDT:USDT  ADX=50.9  ATR%=0.59%  VolRatio=0.03x  → 통과=False
2026-04-09 03:06:41 [WARNING] apscheduler.scheduler Execution of job "코인 스캔 (trigger: interval[0:05:00], next run at: 2026-04-09 03:06:41 KST)" skipped: maximum number of running instances reached (1)
2026-04-09 03:06:41 [ERROR] order_executor       잔고 조회 실패: binanceusdm testnet/sandbox mode is not supported for futures anymore, please check the deprecation announcement https://t.me/ccxt_announcements/92 and consider using the demo trading instead.
2026-04-09 03:07:04 [INFO] coin_scanner         [DEBUG] BTCDOM/USDT:USDT  ADX=60.9  ATR%=0.70%  VolRatio=0.00x  → 통과=False
2026-04-09 03:07:33 [WARNING] coin_scanner         [BREV/USDT:USDT] 429 감지 — 5초 대기 (연속 1회)
2026-04-09 03:07:45 [WARNING] coin_scanner         [CHESS/USDT:USDT] 429 감지 — 5초 대기 (연속 1회)
2026-04-09 03:07:53 [INFO] coin_scanner         === 스캔 완료: 최종 후보 1개 ===
2026-04-09 03:07:53 [INFO] coin_scanner           FARTCOIN/USDT:USDT | score=2.8 | ADX=45.6 | ATR%=1.85% | VolRatio=1.3x
2026-04-09 03:07:53 [INFO] main                 스캔 완료: 1개 후보
2026-04-09 03:07:53 [INFO] main                 심볼 변경 감지  추가=['FARTCOIN/USDT:USDT']  제거=['ENJ/USDT:USDT', 'HIPPO/USDT:USDT', 'GUN/USDT:USDT', 'ARIA/USDT:USDT', 'GRIFFAIN/USDT:USDT', 'MAGMA/USDT:USDT', 'ALICE/USDT:USDT', 'SLP/USDT:USDT', 'ATA/USDT:USDT', 'EUL/USDT:USDT']
2026-04-09 03:07:53 [INFO] data_fetcher         DataFetcher 종료 중...
2026-04-09 03:07:53 [WARNING] data_fetcher         WebSocket 닫힘 (code=None, msg=None)
2026-04-09 03:07:53 [INFO] data_fetcher         DataFetcher 종료 완료
2026-04-09 03:07:53 [INFO] data_fetcher         DataFetcher 시작
2026-04-09 03:07:53 [INFO] data_fetcher         초기 OHLCV 데이터 REST 로드 중...
2026-04-09 03:07:54 [ERROR] data_fetcher         초기 로드 실패 [FARTCOIN/USDT:USDT 1h]: binanceusdm 429 Too Many Requests {"code":-1003,"msg":"Too many requests; current limit of IP(3.172.65.68) is 6000 requests per minute. Please use the websocket for live updates to avoid polling the API."}
2026-04-09 03:07:54 [INFO] data_fetcher         초기 데이터 로드 완료
2026-04-09 03:07:54 [INFO] data_fetcher         WebSocket 연결: wss://fstream.binance.com/stream?streams=fartcoinusdt@kline_15m/fartcoinusdt@kli...
2026-04-09 03:07:54 [INFO] data_fetcher         WebSocket 스레드 시작 완료
2026-04-09 03:07:54 [INFO] orderbook            OrderBookManager 종료
2026-04-09 03:07:54 [WARNING] orderbook            호가창 WebSocket 닫힘 (code=None)
2026-04-09 03:07:54 [INFO] orderbook            OrderBookManager 시작
2026-04-09 03:07:54 [INFO] orderbook            호가창 WebSocket 연결: wss://fstream.binance.com/stream?streams=fartcoinusdt@depth20@100ms...
2026-04-09 03:07:54 [INFO] main                 피드 시작: 1개 심볼  ['15m', '1h']
2026-04-09 03:07:54 [INFO] data_fetcher         WebSocket 연결 성공
2026-04-09 03:07:54 [INFO] orderbook            호가창 WebSocket 연결 성공
2026-04-09 03:11:41 [INFO] main                 정기 스캔 시작...
2026-04-09 03:11:41 [ERROR] order_executor       잔고 조회 실패: binanceusdm testnet/sandbox mode is not supported for futures anymore, please check the deprecation announcement https://t.me/ccxt_announcements/92 and consider using the demo trading instead.
2026-04-09 03:11:41 [INFO] coin_scanner         === 코인 스캔 시작 ===
2026-04-09 03:11:41 [INFO] coin_scanner         전체 티커 조회 중...
2026-04-09 03:11:41 [INFO] coin_scanner         티커 심볼 샘플: ['MINA/USDT:USDT', 'WET/USDT:USDT', 'NAORIS/USDT:USDT', 'BCH/USDT:USDT', 'PYTH/USDT:USDT']
2026-04-09 03:11:41 [INFO] coin_scanner         거래대금 필터 통과: 515개
2026-04-09 03:12:54 [INFO] coin_scanner         [DEBUG] ETHFI/USDT:USDT  ADX=31.6  ATR%=0.90%  VolRatio=0.58x  → 통과=False
2026-04-09 03:13:00 [INFO] coin_scanner         [DEBUG] BTCDOM/USDT:USDT  ADX=60.9  ATR%=0.70%  VolRatio=0.00x  → 통과=False
2026-04-09 03:13:31 [INFO] coin_scanner         [DEBUG] BTC/USDT:USDT  ADX=50.9  ATR%=0.59%  VolRatio=0.13x  → 통과=False
2026-04-09 03:15:54 [INFO] coin_scanner         [DEBUG] ETHW/USDT:USDT  ADX=44.6  ATR%=0.91%  VolRatio=0.23x  → 통과=False
2026-04-09 03:16:04 [INFO] coin_scanner         [DEBUG] ETH/USDT:USDT  ADX=40.9  ATR%=0.81%  VolRatio=0.31x  → 통과=False
2026-04-09 03:16:37 [INFO] coin_scanner         [DEBUG] PUMPBTC/USDT:USDT  ADX=21.4  ATR%=1.29%  VolRatio=1.75x  → 통과=False
2026-04-09 03:16:41 [WARNING] apscheduler.scheduler Execution of job "코인 스캔 (trigger: interval[0:05:00], next run at: 2026-04-09 03:16:41 KST)" skipped: maximum number of running instances reached (1)
2026-04-09 03:16:41 [ERROR] order_executor       잔고 조회 실패: binanceusdm testnet/sandbox mode is not supported for futures anymore, please check the deprecation announcement https://t.me/ccxt_announcements/92 and consider using the demo trading instead.
2026-04-09 03:16:42 [WARNING] coin_scanner         [AEVO/USDT:USDT] 429 감지 — 5초 대기 (연속 1회)
2026-04-09 03:16:47 [WARNING] coin_scanner         [PROMPT/USDT:USDT] 429 감지 — 5초 대기 (연속 1회)
2026-04-09 03:16:59 [INFO] coin_scanner         === 스캔 완료: 최종 후보 1개 ===
2026-04-09 03:16:59 [INFO] coin_scanner           FRAX/USDT:USDT  | score=4.1 | ADX=61.4 | ATR%=1.59% | VolRatio=1.9x
2026-04-09 03:16:59 [INFO] main                 스캔 완료: 1개 후보
2026-04-09 03:16:59 [INFO] main                 심볼 변경 감지  추가=['FRAX/USDT:USDT']  제거=['FARTCOIN/USDT:USDT']
2026-04-09 03:16:59 [INFO] data_fetcher         DataFetcher 종료 중...
2026-04-09 03:16:59 [WARNING] data_fetcher         WebSocket 닫힘 (code=None, msg=None)
2026-04-09 03:16:59 [INFO] data_fetcher         DataFetcher 종료 완료
2026-04-09 03:16:59 [INFO] data_fetcher         DataFetcher 시작
2026-04-09 03:16:59 [INFO] data_fetcher         초기 OHLCV 데이터 REST 로드 중...
2026-04-09 03:16:59 [INFO] data_fetcher         초기 데이터 로드 완료
2026-04-09 03:16:59 [INFO] data_fetcher         WebSocket 연결: wss://fstream.binance.com/stream?streams=fraxusdt@kline_15m/fraxusdt@kline_1h...
2026-04-09 03:16:59 [INFO] data_fetcher         WebSocket 스레드 시작 완료
2026-04-09 03:16:59 [INFO] orderbook            OrderBookManager 종료
2026-04-09 03:16:59 [WARNING] orderbook            호가창 WebSocket 닫힘 (code=None)
2026-04-09 03:16:59 [INFO] orderbook            OrderBookManager 시작
2026-04-09 03:16:59 [INFO] orderbook            호가창 WebSocket 연결: wss://fstream.binance.com/stream?streams=fraxusdt@depth20@100ms...
2026-04-09 03:16:59 [INFO] main                 피드 시작: 1개 심볼  ['15m', '1h']
2026-04-09 03:16:59 [INFO] data_fetcher         WebSocket 연결 성공
2026-04-09 03:16:59 [INFO] orderbook            호가창 WebSocket 연결 성공
2026-04-09 03:21:41 [INFO] main                 정기 스캔 시작...
2026-04-09 03:21:41 [ERROR] order_executor       잔고 조회 실패: binanceusdm testnet/sandbox mode is not supported for futures anymore, please check the deprecation announcement https://t.me/ccxt_announcements/92 and consider using the demo trading instead.
2026-04-09 03:21:41 [INFO] coin_scanner         === 코인 스캔 시작 ===
2026-04-09 03:21:41 [INFO] coin_scanner         전체 티커 조회 중...
2026-04-09 03:21:41 [INFO] coin_scanner         티커 심볼 샘플: ['EGLD/USDT:USDT', 'XRP/USDC:USDC', 'CETUS/USDT:USDT', 'PENGU/USDC:USDC', 'PNUT/USDT:USDT']
2026-04-09 03:21:41 [INFO] coin_scanner         거래대금 필터 통과: 515개
2026-04-09 03:21:47 [WARNING] coin_scanner         [1000FLOKI/USDT:USDT] 429 감지 — 5초 대기 (연속 1회)
2026-04-09 03:21:59 [WARNING] coin_scanner         [GPS/USDT:USDT] 429 감지 — 5초 대기 (연속 1회)
2026-04-09 03:22:36 [WARNING] coin_scanner         [VINE/USDT:USDT] 429 감지 — 5초 대기 (연속 1회)
2026-04-09 03:22:44 [WARNING] coin_scanner         [ORDI/USDT:USDT] 429 감지 — 5초 대기 (연속 1회)
2026-04-09 03:22:58 [WARNING] coin_scanner         [AXS/USDT:USDT] 429 감지 — 5초 대기 (연속 1회)
2026-04-09 03:23:22 [INFO] coin_scanner         [DEBUG] BTCDOM/USDT:USDT  ADX=60.9  ATR%=0.70%  VolRatio=0.00x  → 통과=False
2026-04-09 03:23:32 [WARNING] coin_scanner         [APT/USDT:USDT] 429 감지 — 5초 대기 (연속 1회)
2026-04-09 03:23:39 [WARNING] coin_scanner         [SYN/USDT:USDT] 429 감지 — 5초 대기 (연속 1회)
2026-04-09 03:24:34 [INFO] coin_scanner         [DEBUG] ETH/USDT:USDT  ADX=40.9  ATR%=0.85%  VolRatio=0.50x  → 통과=False
2026-04-09 03:24:40 [WARNING] coin_scanner         [XVS/USDT:USDT] 429 감지 — 5초 대기 (연속 1회)
2026-04-09 03:24:47 [INFO] coin_scanner         [DEBUG] ETHW/USDT:USDT  ADX=44.6  ATR%=0.91%  VolRatio=0.23x  → 통과=False
2026-04-09 03:25:22 [INFO] coin_scanner         [DEBUG] BTC/USDT:USDT  ADX=50.6  ATR%=0.63%  VolRatio=0.60x  → 통과=False
2026-04-09 03:25:32 [WARNING] coin_scanner         [MYRO/USDT:USDT] 429 감지 — 5초 대기 (연속 1회)
2026-04-09 03:25:59 [WARNING] coin_scanner         [币安人生/USDT:USDT] 429 감지 — 5초 대기 (연속 1회)
2026-04-09 03:26:28 [INFO] coin_scanner         [DEBUG] ETHFI/USDT:USDT  ADX=32.3  ATR%=0.96%  VolRatio=1.64x  → 통과=False
2026-04-09 03:26:38 [WARNING] coin_scanner         [MINA/USDT:USDT] 429 감지 — 5초 대기 (연속 1회)
2026-04-09 03:26:41 [WARNING] apscheduler.scheduler Execution of job "코인 스캔 (trigger: interval[0:05:00], next run at: 2026-04-09 03:26:41 KST)" skipped: maximum number of running instances reached (1)
2026-04-09 03:26:41 [ERROR] order_executor       잔고 조회 실패: binanceusdm testnet/sandbox mode is not supported for futures anymore, please check the deprecation announcement https://t.me/ccxt_announcements/92 and consider using the demo trading instead.
2026-04-09 03:26:52 [INFO] coin_scanner         [DEBUG] PUMPBTC/USDT:USDT  ADX=21.9  ATR%=1.34%  VolRatio=2.31x  → 통과=False
2026-04-09 03:26:53 [WARNING] coin_scanner         [US/USDT:USDT] 429 감지 — 5초 대기 (연속 1회)
2026-04-09 03:27:48 [INFO] coin_scanner         === 스캔 완료: 최종 후보 4개 ===
2026-04-09 03:27:48 [INFO] coin_scanner           FRAX/USDT:USDT  | score=4.6 | ADX=60.7 | ATR%=1.68% | VolRatio=2.4x
2026-04-09 03:27:48 [INFO] coin_scanner           SLP/USDT:USDT   | score=1.9 | ADX=39.8 | ATR%=1.72% | VolRatio=1.6x
2026-04-09 03:27:48 [INFO] coin_scanner           KMNO/USDT:USDT  | score=1.2 | ADX=34.0 | ATR%=1.62% | VolRatio=1.3x
2026-04-09 03:27:48 [INFO] coin_scanner           B2/USDT:USDT    | score=0.7 | ADX=27.7 | ATR%=1.61% | VolRatio=2.3x
2026-04-09 03:27:48 [INFO] main                 스캔 완료: 4개 후보
2026-04-09 03:27:48 [INFO] main                 심볼 변경 감지  추가=['SLP/USDT:USDT', 'KMNO/USDT:USDT', 'B2/USDT:USDT']  제거=[]
2026-04-09 03:27:48 [INFO] data_fetcher         DataFetcher 종료 중...
2026-04-09 03:27:48 [WARNING] data_fetcher         WebSocket 닫힘 (code=None, msg=None)
2026-04-09 03:27:48 [INFO] data_fetcher         DataFetcher 종료 완료
2026-04-09 03:27:48 [INFO] data_fetcher         DataFetcher 시작
2026-04-09 03:27:48 [INFO] data_fetcher         초기 OHLCV 데이터 REST 로드 중...
2026-04-09 03:27:49 [INFO] data_fetcher         초기 데이터 로드 완료
2026-04-09 03:27:49 [INFO] data_fetcher         WebSocket 연결: wss://fstream.binance.com/stream?streams=fraxusdt@kline_15m/fraxusdt@kline_1h/sl...
2026-04-09 03:27:49 [INFO] data_fetcher         WebSocket 스레드 시작 완료
2026-04-09 03:27:49 [INFO] orderbook            OrderBookManager 종료
2026-04-09 03:27:49 [WARNING] orderbook            호가창 WebSocket 닫힘 (code=None)
2026-04-09 03:27:49 [INFO] orderbook            OrderBookManager 시작
2026-04-09 03:27:49 [INFO] orderbook            호가창 WebSocket 연결: wss://fstream.binance.com/stream?streams=fraxusdt@depth20@100ms/slpusdt@depth20@...
2026-04-09 03:27:49 [INFO] main                 피드 시작: 4개 심볼  ['15m', '1h']
2026-04-09 03:27:49 [INFO] data_fetcher         WebSocket 연결 성공
2026-04-09 03:27:50 [INFO] orderbook            호가창 WebSocket 연결 성공
2026-04-09 03:31:41 [INFO] main                 정기 스캔 시작...
2026-04-09 03:31:41 [ERROR] order_executor       잔고 조회 실패: binanceusdm testnet/sandbox mode is not supported for futures anymore, please check the deprecation announcement https://t.me/ccxt_announcements/92 and consider using the demo trading instead.
2026-04-09 03:31:41 [INFO] coin_scanner         === 코인 스캔 시작 ===
2026-04-09 03:31:41 [INFO] coin_scanner         전체 티커 조회 중...
2026-04-09 03:31:41 [INFO] coin_scanner         티커 심볼 샘플: ['PHBBUSD', 'GRIFFAIN/USDT:USDT', 'KSM/USDT:USDT', 'DYDX/USDT:USDT', 'SOLBUSD']
2026-04-09 03:31:41 [INFO] coin_scanner         거래대금 필터 통과: 514개
2026-04-09 03:32:10 [INFO] coin_scanner         [DEBUG] BTCDOM/USDT:USDT  ADX=60.9  ATR%=0.70%  VolRatio=0.00x  → 통과=False
2026-04-09 03:32:14 [INFO] coin_scanner         [DEBUG] BTC/USDT:USDT  ADX=50.6  ATR%=0.63%  VolRatio=0.61x  → 통과=False
2026-04-09 03:33:02 [INFO] coin_scanner         [DEBUG] ETHFI/USDT:USDT  ADX=32.4  ATR%=0.96%  VolRatio=1.81x  → 통과=False
2026-04-09 03:34:25 [INFO] coin_scanner         [DEBUG] ETH/USDT:USDT  ADX=40.7  ATR%=0.86%  VolRatio=0.64x  → 통과=False
2026-04-09 03:34:33 [INFO] coin_scanner         [DEBUG] PUMPBTC/USDT:USDT  ADX=22.4  ATR%=1.42%  VolRatio=3.07x  → 통과=False
2026-04-09 03:36:04 [INFO] coin_scanner         [DEBUG] ETHW/USDT:USDT  ADX=44.1  ATR%=0.93%  VolRatio=0.23x  → 통과=False
2026-04-09 03:36:41 [WARNING] apscheduler.scheduler Execution of job "코인 스캔 (trigger: interval[0:05:00], next run at: 2026-04-09 03:36:41 KST)" skipped: maximum number of running instances reached (1)
2026-04-09 03:36:41 [ERROR] order_executor       잔고 조회 실패: binanceusdm testnet/sandbox mode is not supported for futures anymore, please check the deprecation announcement https://t.me/ccxt_announcements/92 and consider using the demo trading instead.
2026-04-09 03:36:43 [INFO] coin_scanner         === 스캔 완료: 최종 후보 10개 ===
2026-04-09 03:36:43 [INFO] coin_scanner           ENJ/USDT:USDT   | score=5.4 | ADX=58.1 | ATR%=2.88% | VolRatio=1.5x
2026-04-09 03:36:43 [INFO] coin_scanner           LAB/USDT:USDT   | score=5.0 | ADX=42.8 | ATR%=7.09% | VolRatio=1.3x
2026-04-09 03:36:43 [INFO] coin_scanner           FRAX/USDT:USDT  | score=4.9 | ADX=60.6 | ATR%=1.67% | VolRatio=2.7x
2026-04-09 03:36:43 [INFO] coin_scanner           ATA/USDT:USDT   | score=4.8 | ADX=49.2 | ATR%=3.17% | VolRatio=1.3x
2026-04-09 03:36:43 [INFO] coin_scanner           CGPT/USDT:USDT  | score=3.4 | ADX=53.9 | ATR%=1.58% | VolRatio=1.3x
2026-04-09 03:36:43 [INFO] coin_scanner           EUL/USDT:USDT   | score=2.8 | ADX=39.9 | ATR%=2.43% | VolRatio=1.5x
2026-04-09 03:36:43 [INFO] coin_scanner           MELANIA/USDT:USDT | score=2.2 | ADX=43.6 | ATR%=1.54% | VolRatio=1.4x
2026-04-09 03:36:43 [INFO] coin_scanner           SLP/USDT:USDT   | score=1.9 | ADX=39.8 | ATR%=1.71% | VolRatio=1.6x
2026-04-09 03:36:43 [INFO] coin_scanner           B2/USDT:USDT    | score=1.3 | ADX=27.7 | ATR%=1.59% | VolRatio=2.9x
2026-04-09 03:36:43 [INFO] coin_scanner           KMNO/USDT:USDT  | score=1.2 | ADX=34.0 | ATR%=1.63% | VolRatio=1.5x
2026-04-09 03:36:43 [INFO] main                 스캔 완료: 10개 후보
2026-04-09 03:36:43 [INFO] main                 심볼 변경 감지  추가=['LAB/USDT:USDT', 'CGPT/USDT:USDT', 'MELANIA/USDT:USDT', 'ENJ/USDT:USDT', 'ATA/USDT:USDT', 'EUL/USDT:USDT']  제거=[]
2026-04-09 03:36:43 [INFO] data_fetcher         DataFetcher 종료 중...
2026-04-09 03:36:43 [WARNING] data_fetcher         WebSocket 닫힘 (code=None, msg=None)
2026-04-09 03:36:43 [INFO] data_fetcher         DataFetcher 종료 완료
2026-04-09 03:36:43 [INFO] data_fetcher         DataFetcher 시작
2026-04-09 03:36:43 [INFO] data_fetcher         초기 OHLCV 데이터 REST 로드 중...
2026-04-09 03:36:47 [INFO] data_fetcher         초기 데이터 로드 완료
2026-04-09 03:36:47 [INFO] data_fetcher         WebSocket 연결: wss://fstream.binance.com/stream?streams=labusdt@kline_15m/labusdt@kline_1h/kmno...
2026-04-09 03:36:47 [INFO] data_fetcher         WebSocket 스레드 시작 완료
2026-04-09 03:36:47 [INFO] orderbook            OrderBookManager 종료
2026-04-09 03:36:47 [WARNING] orderbook            호가창 WebSocket 닫힘 (code=None)
2026-04-09 03:36:47 [INFO] orderbook            OrderBookManager 시작
2026-04-09 03:36:47 [INFO] orderbook            호가창 WebSocket 연결: wss://fstream.binance.com/stream?streams=labusdt@depth20@100ms/kmnousdt@depth20@...
2026-04-09 03:36:47 [INFO] main                 피드 시작: 10개 심볼  ['15m', '1h']
2026-04-09 03:36:47 [INFO] data_fetcher         WebSocket 연결 성공
2026-04-09 03:36:47 [INFO] orderbook            호가창 WebSocket 연결 성공
2026-04-09 03:41:41 [INFO] main                 정기 스캔 시작...
2026-04-09 03:41:41 [ERROR] order_executor       잔고 조회 실패: binanceusdm testnet/sandbox mode is not supported for futures anymore, please check the deprecation announcement https://t.me/ccxt_announcements/92 and consider using the demo trading instead.
2026-04-09 03:41:41 [INFO] coin_scanner         === 코인 스캔 시작 ===
2026-04-09 03:41:41 [INFO] coin_scanner         전체 티커 조회 중...
2026-04-09 03:41:41 [INFO] coin_scanner         티커 심볼 샘플: ['XAI/USDT:USDT', 'TOMO/USDT:USDT', 'HMSTR/USDT:USDT', 'ETC/USDT:USDT', 'LINK/USDT:USDT']
2026-04-09 03:41:41 [INFO] coin_scanner         거래대금 필터 통과: 514개
2026-04-09 03:41:41 [WARNING] coin_scanner         [HMSTR/USDT:USDT] 429 감지 — 5초 대기 (연속 1회)
2026-04-09 03:41:54 [INFO] coin_scanner         [DEBUG] ETHFI/USDT:USDT  ADX=32.4  ATR%=0.96%  VolRatio=2.22x  → 통과=False
2026-04-09 03:42:46 [WARNING] coin_scanner         [0G/USDT:USDT] 429 감지 — 5초 대기 (연속 1회)
2026-04-09 03:42:54 [WARNING] coin_scanner         [SSV/USDT:USDT] 429 감지 — 5초 대기 (연속 1회)
2026-04-09 03:42:59 [WARNING] coin_scanner         [ACX/USDT:USDT] 429 감지 — 10초 대기 (연속 2회)
2026-04-09 03:43:27 [WARNING] coin_scanner         [FIGHT/USDT:USDT] 429 감지 — 5초 대기 (연속 1회)
2026-04-09 03:43:35 [WARNING] coin_scanner         [ID/USDT:USDT] 429 감지 — 5초 대기 (연속 1회)
2026-04-09 03:43:46 [WARNING] coin_scanner         [BNB/USDT:USDT] 429 감지 — 5초 대기 (연속 1회)
2026-04-09 03:43:57 [WARNING] coin_scanner         [AXL/USDT:USDT] 429 감지 — 5초 대기 (연속 1회)
2026-04-09 03:44:20 [INFO] coin_scanner         [DEBUG] ETH/USDT:USDT  ADX=40.7  ATR%=0.86%  VolRatio=0.91x  → 통과=False
2026-04-09 03:44:23 [INFO] coin_scanner         [DEBUG] BTCDOM/USDT:USDT  ADX=60.9  ATR%=0.70%  VolRatio=0.00x  → 통과=False
2026-04-09 03:44:32 [INFO] coin_scanner         [DEBUG] PUMPBTC/USDT:USDT  ADX=22.5  ATR%=1.43%  VolRatio=3.15x  → 통과=False
2026-04-09 03:44:34 [WARNING] coin_scanner         [MBOX/USDT:USDT] 429 감지 — 5초 대기 (연속 1회)
2026-04-09 03:44:40 [WARNING] coin_scanner         [MOCA/USDT:USDT] 429 감지 — 5초 대기 (연속 1회)
2026-04-09 03:44:46 [WARNING] coin_scanner         [JCT/USDT:USDT] 429 감지 — 5초 대기 (연속 1회)
2026-04-09 03:44:51 [WARNING] coin_scanner         [HIVE/USDT:USDT] 429 감지 — 10초 대기 (연속 2회)
2026-04-09 03:45:25 [INFO] coin_scanner         [DEBUG] BTC/USDT:USDT  ADX=50.6  ATR%=0.63%  VolRatio=0.90x  → 통과=False
2026-04-09 03:45:31 [WARNING] coin_scanner         [LRC/USDT:USDT] 429 감지 — 5초 대기 (연속 1회)
2026-04-09 03:45:39 [WARNING] coin_scanner         [BIO/USDT:USDT] 429 감지 — 5초 대기 (연속 1회)
2026-04-09 03:45:58 [WARNING] coin_scanner         [BROCCOLI714/USDT:USDT] 429 감지 — 5초 대기 (연속 1회)
2026-04-09 03:46:41 [WARNING] apscheduler.scheduler Execution of job "코인 스캔 (trigger: interval[0:05:00], next run at: 2026-04-09 03:46:41 KST)" skipped: maximum number of running instances reached (1)
2026-04-09 03:46:41 [ERROR] order_executor       잔고 조회 실패: binanceusdm testnet/sandbox mode is not supported for futures anymore, please check the deprecation announcement https://t.me/ccxt_announcements/92 and consider using the demo trading instead.
2026-04-09 03:47:46 [INFO] coin_scanner         [DEBUG] ETHW/USDT:USDT  ADX=44.0  ATR%=0.94%  VolRatio=0.23x  → 통과=False
2026-04-09 03:48:10 [INFO] coin_scanner         === 스캔 완료: 최종 후보 10개 ===
2026-04-09 03:48:10 [INFO] coin_scanner           HIPPO/USDT:USDT | score=5.6 | ADX=47.6 | ATR%=9.50% | VolRatio=1.4x
2026-04-09 03:48:10 [INFO] coin_scanner           ENJ/USDT:USDT   | score=5.5 | ADX=58.1 | ATR%=2.93% | VolRatio=1.8x
2026-04-09 03:48:10 [INFO] coin_scanner           FRAX/USDT:USDT  | score=5.4 | ADX=60.6 | ATR%=1.66% | VolRatio=3.2x
2026-04-09 03:48:10 [INFO] coin_scanner           MAGMA/USDT:USDT | score=5.3 | ADX=58.2 | ATR%=2.57% | VolRatio=2.2x
2026-04-09 03:48:10 [INFO] coin_scanner           LAB/USDT:USDT   | score=5.0 | ADX=42.6 | ATR%=7.24% | VolRatio=1.7x
2026-04-09 03:48:10 [INFO] coin_scanner           ATA/USDT:USDT   | score=4.8 | ADX=49.1 | ATR%=3.20% | VolRatio=1.5x
2026-04-09 03:48:10 [INFO] coin_scanner           CGPT/USDT:USDT  | score=3.5 | ADX=53.9 | ATR%=1.63% | VolRatio=1.6x
2026-04-09 03:48:10 [INFO] coin_scanner           EUL/USDT:USDT   | score=2.8 | ADX=39.9 | ATR%=2.45% | VolRatio=1.6x
2026-04-09 03:48:10 [INFO] coin_scanner           REZ/USDT:USDT   | score=2.8 | ADX=47.5 | ATR%=1.71% | VolRatio=1.3x
2026-04-09 03:48:10 [INFO] coin_scanner           USELESS/USDT:USDT | score=2.6 | ADX=39.8 | ATR%=2.26% | VolRatio=1.2x
2026-04-09 03:48:10 [INFO] main                 스캔 완료: 10개 후보
2026-04-09 03:48:10 [INFO] main                 심볼 변경 감지  추가=['REZ/USDT:USDT', 'HIPPO/USDT:USDT', 'MAGMA/USDT:USDT', 'USELESS/USDT:USDT']  제거=['SLP/USDT:USDT', 'MELANIA/USDT:USDT', 'KMNO/USDT:USDT', 'B2/USDT:USDT']
2026-04-09 03:48:10 [INFO] data_fetcher         DataFetcher 종료 중...
2026-04-09 03:48:10 [WARNING] data_fetcher         WebSocket 닫힘 (code=None, msg=None)
2026-04-09 03:48:10 [INFO] data_fetcher         DataFetcher 종료 완료
2026-04-09 03:48:10 [INFO] data_fetcher         DataFetcher 시작
2026-04-09 03:48:10 [INFO] data_fetcher         초기 OHLCV 데이터 REST 로드 중...
2026-04-09 03:48:14 [INFO] data_fetcher         초기 데이터 로드 완료
2026-04-09 03:48:14 [INFO] data_fetcher         WebSocket 연결: wss://fstream.binance.com/stream?streams=labusdt@kline_15m/labusdt@kline_1h/magm...
2026-04-09 03:48:14 [INFO] data_fetcher         WebSocket 스레드 시작 완료
2026-04-09 03:48:14 [INFO] orderbook            OrderBookManager 종료
2026-04-09 03:48:14 [WARNING] orderbook            호가창 WebSocket 닫힘 (code=None)
2026-04-09 03:48:14 [INFO] orderbook            OrderBookManager 시작
2026-04-09 03:48:14 [INFO] orderbook            호가창 WebSocket 연결: wss://fstream.binance.com/stream?streams=labusdt@depth20@100ms/magmausdt@depth20...
2026-04-09 03:48:14 [INFO] main                 피드 시작: 10개 심볼  ['15m', '1h']
2026-04-09 03:48:14 [INFO] data_fetcher         WebSocket 연결 성공
2026-04-09 03:48:14 [INFO] orderbook            호가창 WebSocket 연결 성공
2026-04-09 03:51:41 [INFO] main                 정기 스캔 시작...
2026-04-09 03:51:41 [ERROR] order_executor       잔고 조회 실패: binanceusdm testnet/sandbox mode is not supported for futures anymore, please check the deprecation announcement https://t.me/ccxt_announcements/92 and consider using the demo trading instead.
2026-04-09 03:51:41 [INFO] coin_scanner         === 코인 스캔 시작 ===
2026-04-09 03:51:41 [INFO] coin_scanner         전체 티커 조회 중...
2026-04-09 03:51:41 [INFO] coin_scanner         티커 심볼 샘플: ['ORDI/USDT:USDT', 'BTC/USDT:USDT-250926', 'ZKP/USDT:USDT', 'BICO/USDT:USDT', 'METIS/USDT:USDT']
2026-04-09 03:51:41 [INFO] coin_scanner         거래대금 필터 통과: 514개
2026-04-09 03:52:08 [INFO] coin_scanner         [DEBUG] ETHW/USDT:USDT  ADX=43.8  ATR%=0.94%  VolRatio=0.23x  → 통과=False
2026-04-09 03:52:47 [INFO] coin_scanner         [DEBUG] PUMPBTC/USDT:USDT  ADX=22.5  ATR%=1.42%  VolRatio=3.94x  → 통과=False
2026-04-09 03:54:40 [INFO] coin_scanner         [DEBUG] BTC/USDT:USDT  ADX=50.1  ATR%=0.65%  VolRatio=1.17x  → 통과=False
2026-04-09 03:55:01 [INFO] coin_scanner         [DEBUG] ETHFI/USDT:USDT  ADX=32.6  ATR%=0.99%  VolRatio=2.22x  → 통과=False
2026-04-09 03:55:56 [INFO] coin_scanner         [DEBUG] BTCDOM/USDT:USDT  ADX=60.9  ATR%=0.70%  VolRatio=0.01x  → 통과=False
2026-04-09 03:56:40 [INFO] coin_scanner         [DEBUG] ETH/USDT:USDT  ADX=40.4  ATR%=0.88%  VolRatio=1.07x  → 통과=False
2026-04-09 03:56:41 [WARNING] apscheduler.scheduler Execution of job "코인 스캔 (trigger: interval[0:05:00], next run at: 2026-04-09 03:56:41 KST)" skipped: maximum number of running instances reached (1)
2026-04-09 03:56:41 [ERROR] order_executor       잔고 조회 실패: binanceusdm testnet/sandbox mode is not supported for futures anymore, please check the deprecation announcement https://t.me/ccxt_announcements/92 and consider using the demo trading instead.
2026-04-09 03:56:41 [WARNING] coin_scanner         [HEMI/USDT:USDT] 429 감지 — 5초 대기 (연속 1회)
2026-04-09 03:56:58 [INFO] coin_scanner         === 스캔 완료: 최종 후보 10개 ===
2026-04-09 03:56:58 [INFO] coin_scanner           MAGMA/USDT:USDT | score=5.7 | ADX=58.3 | ATR%=2.63% | VolRatio=2.5x
2026-04-09 03:56:58 [INFO] coin_scanner           ENJ/USDT:USDT   | score=5.7 | ADX=58.1 | ATR%=2.95% | VolRatio=2.1x
2026-04-09 03:56:58 [INFO] coin_scanner           HIPPO/USDT:USDT | score=5.6 | ADX=47.6 | ATR%=9.37% | VolRatio=1.5x
2026-04-09 03:56:58 [INFO] coin_scanner           FRAX/USDT:USDT  | score=5.4 | ADX=60.6 | ATR%=1.66% | VolRatio=3.3x
2026-04-09 03:56:58 [INFO] coin_scanner           LAB/USDT:USDT   | score=5.0 | ADX=42.5 | ATR%=8.36% | VolRatio=1.9x
2026-04-09 03:56:58 [INFO] coin_scanner           ATA/USDT:USDT   | score=4.8 | ADX=49.1 | ATR%=3.21% | VolRatio=1.6x
2026-04-09 03:56:58 [INFO] coin_scanner           CGPT/USDT:USDT  | score=3.5 | ADX=53.9 | ATR%=1.65% | VolRatio=1.7x
2026-04-09 03:56:58 [INFO] coin_scanner           GUN/USDT:USDT   | score=3.2 | ADX=40.1 | ATR%=2.70% | VolRatio=1.2x
2026-04-09 03:56:58 [INFO] coin_scanner           EUL/USDT:USDT   | score=2.8 | ADX=39.9 | ATR%=2.43% | VolRatio=1.9x
2026-04-09 03:56:58 [INFO] coin_scanner           REZ/USDT:USDT   | score=2.8 | ADX=47.5 | ATR%=1.71% | VolRatio=1.4x
2026-04-09 03:56:58 [INFO] main                 스캔 완료: 10개 후보
2026-04-09 03:56:58 [INFO] main                 심볼 변경 감지  추가=['GUN/USDT:USDT']  제거=['USELESS/USDT:USDT']
2026-04-09 03:56:58 [INFO] data_fetcher         DataFetcher 종료 중...
2026-04-09 03:56:58 [WARNING] data_fetcher         WebSocket 닫힘 (code=None, msg=None)
2026-04-09 03:56:58 [INFO] data_fetcher         DataFetcher 종료 완료
2026-04-09 03:56:58 [INFO] data_fetcher         DataFetcher 시작
2026-04-09 03:56:58 [INFO] data_fetcher         초기 OHLCV 데이터 REST 로드 중...
2026-04-09 03:57:01 [INFO] data_fetcher         초기 데이터 로드 완료
2026-04-09 03:57:01 [INFO] data_fetcher         WebSocket 연결: wss://fstream.binance.com/stream?streams=labusdt@kline_15m/labusdt@kline_1h/gunu...
2026-04-09 03:57:01 [INFO] data_fetcher         WebSocket 스레드 시작 완료
2026-04-09 03:57:01 [INFO] orderbook            OrderBookManager 종료
2026-04-09 03:57:02 [WARNING] orderbook            호가창 WebSocket 닫힘 (code=None)
2026-04-09 03:57:02 [INFO] orderbook            OrderBookManager 시작
2026-04-09 03:57:02 [INFO] orderbook            호가창 WebSocket 연결: wss://fstream.binance.com/stream?streams=labusdt@depth20@100ms/gunusdt@depth20@1...
2026-04-09 03:57:02 [INFO] main                 피드 시작: 10개 심볼  ['15m', '1h']
2026-04-09 03:57:02 [INFO] data_fetcher         WebSocket 연결 성공
2026-04-09 03:57:02 [INFO] orderbook            호가창 WebSocket 연결 성공
2026-04-09 04:01:41 [INFO] main                 정기 스캔 시작...
2026-04-09 04:01:41 [ERROR] order_executor       잔고 조회 실패: binanceusdm testnet/sandbox mode is not supported for futures anymore, please check the deprecation announcement https://t.me/ccxt_announcements/92 and consider using the demo trading instead.
2026-04-09 04:01:41 [INFO] coin_scanner         === 코인 스캔 시작 ===
2026-04-09 04:01:41 [INFO] coin_scanner         전체 티커 조회 중...
2026-04-09 04:01:41 [INFO] coin_scanner         티커 심볼 샘플: ['APEBUSD', 'ETH/USDT:USDT-260925', '0G/USDT:USDT', 'FLM/USDT:USDT', 'QTUM/USDT:USDT']
2026-04-09 04:01:41 [INFO] coin_scanner         거래대금 필터 통과: 515개
2026-04-09 04:02:44 [INFO] coin_scanner         [DEBUG] PUMPBTC/USDT:USDT  ADX=27.6  ATR%=1.33%  VolRatio=0.04x  → 통과=False
2026-04-09 04:04:03 [INFO] coin_scanner         [DEBUG] ETH/USDT:USDT  ADX=37.5  ATR%=0.84%  VolRatio=0.03x  → 통과=False
2026-04-09 04:04:54 [INFO] coin_scanner         [DEBUG] BTC/USDT:USDT  ADX=48.5  ATR%=0.61%  VolRatio=0.11x  → 통과=False
2026-04-09 04:05:30 [INFO] coin_scanner         [DEBUG] ETHFI/USDT:USDT  ADX=31.9  ATR%=0.98%  VolRatio=0.00x  → 통과=False
2026-04-09 04:05:47 [INFO] coin_scanner         [DEBUG] BTCDOM/USDT:USDT  ADX=59.7  ATR%=0.65%  VolRatio=0.00x  → 통과=False
2026-04-09 04:06:20 [INFO] coin_scanner         [DEBUG] ETHW/USDT:USDT  ADX=38.5  ATR%=0.91%  VolRatio=0.00x  → 통과=False
2026-04-09 04:06:41 [WARNING] apscheduler.scheduler Execution of job "코인 스캔 (trigger: interval[0:05:00], next run at: 2026-04-09 04:06:41 KST)" skipped: maximum number of running instances reached (1)
2026-04-09 04:06:41 [ERROR] order_executor       잔고 조회 실패: binanceusdm testnet/sandbox mode is not supported for futures anymore, please check the deprecation announcement https://t.me/ccxt_announcements/92 and consider using the demo trading instead.
2026-04-09 04:06:46 [INFO] coin_scanner         === 스캔 완료: 최종 후보 0개 ===
2026-04-09 04:06:46 [INFO] main                 스캔 완료: 0개 후보
2026-04-09 04:11:41 [INFO] main                 정기 스캔 시작...
2026-04-09 04:11:41 [ERROR] order_executor       잔고 조회 실패: binanceusdm testnet/sandbox mode is not supported for futures anymore, please check the deprecation announcement https://t.me/ccxt_announcements/92 and consider using the demo trading instead.
2026-04-09 04:11:41 [INFO] coin_scanner         === 코인 스캔 시작 ===
2026-04-09 04:11:41 [INFO] coin_scanner         전체 티커 조회 중...
2026-04-09 04:11:41 [INFO] coin_scanner         티커 심볼 샘플: ['GMTBUSD', 'BAS/USDT:USDT', 'SKL/USDT:USDT', 'OMNI/USDT:USDT', 'HMSTR/USDT:USDT']
2026-04-09 04:11:41 [INFO] coin_scanner         거래대금 필터 통과: 515개
2026-04-09 04:12:07 [INFO] coin_scanner         [DEBUG] PUMPBTC/USDT:USDT  ADX=27.6  ATR%=1.35%  VolRatio=0.42x  → 통과=False
2026-04-09 04:12:48 [WARNING] coin_scanner         [LIGHT/USDT:USDT] 429 감지 — 5초 대기 (연속 1회)
2026-04-09 04:12:58 [INFO] coin_scanner         [DEBUG] ETHW/USDT:USDT  ADX=38.4  ATR%=0.92%  VolRatio=0.00x  → 통과=False
2026-04-09 04:13:10 [INFO] coin_scanner         [DEBUG] ETHFI/USDT:USDT  ADX=32.0  ATR%=0.99%  VolRatio=0.13x  → 통과=False
2026-04-09 04:13:25 [INFO] coin_scanner         [DEBUG] ETH/USDT:USDT  ADX=37.4  ATR%=0.85%  VolRatio=0.24x  → 통과=False
2026-04-09 04:13:40 [WARNING] coin_scanner         [USUAL/USDT:USDT] 429 감지 — 5초 대기 (연속 1회)
2026-04-09 04:13:45 [INFO] coin_scanner         [DEBUG] BTC/USDT:USDT  ADX=48.5  ATR%=0.61%  VolRatio=0.27x  → 통과=False
2026-04-09 04:13:57 [WARNING] coin_scanner         [INX/USDT:USDT] 429 감지 — 5초 대기 (연속 1회)
2026-04-09 04:14:46 [WARNING] coin_scanner         [TREE/USDT:USDT] 429 감지 — 5초 대기 (연속 1회)
2026-04-09 04:15:42 [WARNING] coin_scanner         [BROCCOLI714/USDT:USDT] 429 감지 — 5초 대기 (연속 1회)
2026-04-09 04:15:57 [WARNING] coin_scanner         [SIREN/USDT:USDT] 429 감지 — 5초 대기 (연속 1회)
2026-04-09 04:16:40 [WARNING] coin_scanner         [TWT/USDT:USDT] 429 감지 — 5초 대기 (연속 1회)
2026-04-09 04:16:41 [WARNING] apscheduler.scheduler Execution of job "코인 스캔 (trigger: interval[0:05:00], next run at: 2026-04-09 04:16:41 KST)" skipped: maximum number of running instances reached (1)
2026-04-09 04:16:41 [ERROR] order_executor       잔고 조회 실패: binanceusdm testnet/sandbox mode is not supported for futures anymore, please check the deprecation announcement https://t.me/ccxt_announcements/92 and consider using the demo trading instead.
2026-04-09 04:16:54 [INFO] coin_scanner         [DEBUG] BTCDOM/USDT:USDT  ADX=59.7  ATR%=0.65%  VolRatio=0.00x  → 통과=False
2026-04-09 04:17:14 [INFO] coin_scanner         === 스캔 완료: 최종 후보 0개 ===
2026-04-09 04:17:14 [INFO] main                 스캔 완료: 0개 후보
2026-04-09 04:21:41 [INFO] main                 정기 스캔 시작...
2026-04-09 04:21:41 [ERROR] order_executor       잔고 조회 실패: binanceusdm testnet/sandbox mode is not supported for futures anymore, please check the deprecation announcement https://t.me/ccxt_announcements/92 and consider using the demo trading instead.
2026-04-09 04:21:41 [INFO] coin_scanner         === 코인 스캔 시작 ===
2026-04-09 04:21:41 [INFO] coin_scanner         전체 티커 조회 중...
2026-04-09 04:21:41 [INFO] coin_scanner         티커 심볼 샘플: ['1000000MOG/USDT:USDT', 'FET/USDT:USDT', 'DEGO/USDT:USDT', 'GUA/USDT:USDT', 'ALCH/USDT:USDT']
2026-04-09 04:21:41 [INFO] coin_scanner         거래대금 필터 통과: 514개
2026-04-09 04:21:42 [WARNING] coin_scanner         [DEGO/USDT:USDT] 429 감지 — 5초 대기 (연속 1회)
2026-04-09 04:21:48 [WARNING] coin_scanner         [SOON/USDT:USDT] 429 감지 — 5초 대기 (연속 1회)
2026-04-09 04:21:55 [WARNING] coin_scanner         [MOVE/USDT:USDT] 429 감지 — 5초 대기 (연속 1회)
2026-04-09 04:22:41 [WARNING] coin_scanner         [MYX/USDT:USDT] 429 감지 — 5초 대기 (연속 1회)
2026-04-09 04:22:52 [INFO] coin_scanner         [DEBUG] BTCDOM/USDT:USDT  ADX=59.7  ATR%=0.66%  VolRatio=0.00x  → 통과=False
2026-04-09 04:22:59 [WARNING] coin_scanner         [PORT3/USDT:USDT] 429 감지 — 5초 대기 (연속 1회)
2026-04-09 04:23:05 [INFO] coin_scanner         [DEBUG] ETHW/USDT:USDT  ADX=38.3  ATR%=0.92%  VolRatio=0.00x  → 통과=False
2026-04-09 04:23:45 [WARNING] coin_scanner         [PLUME/USDT:USDT] 429 감지 — 5초 대기 (연속 1회)
2026-04-09 04:23:52 [WARNING] coin_scanner         [CFX/USDT:USDT] 429 감지 — 5초 대기 (연속 1회)
2026-04-09 04:23:59 [WARNING] coin_scanner         [BANANA/USDT:USDT] 429 감지 — 5초 대기 (연속 1회)
2026-04-09 04:24:09 [INFO] coin_scanner         [DEBUG] BTC/USDT:USDT  ADX=48.5  ATR%=0.61%  VolRatio=0.33x  → 통과=False
2026-04-09 04:24:47 [INFO] coin_scanner         [DEBUG] ETHFI/USDT:USDT  ADX=32.0  ATR%=0.99%  VolRatio=0.14x  → 통과=False
2026-04-09 04:24:49 [WARNING] coin_scanner         [BARD/USDT:USDT] 429 감지 — 5초 대기 (연속 1회)
2026-04-09 04:24:54 [WARNING] coin_scanner         [ALICE/USDT:USDT] 429 감지 — 10초 대기 (연속 2회)
2026-04-09 04:25:39 [WARNING] coin_scanner         [1000LUNC/USDT:USDT] 429 감지 — 5초 대기 (연속 1회)
2026-04-09 04:25:48 [WARNING] coin_scanner         [DOGE/USDT:USDT] 429 감지 — 5초 대기 (연속 1회)
2026-04-09 04:25:56 [WARNING] coin_scanner         [GALA/USDT:USDT] 429 감지 — 5초 대기 (연속 1회)
2026-04-09 04:26:13 [INFO] coin_scanner         [DEBUG] PUMPBTC/USDT:USDT  ADX=27.6  ATR%=1.37%  VolRatio=0.70x  → 통과=False
2026-04-09 04:26:32 [WARNING] coin_scanner         [AT/USDT:USDT] 429 감지 — 5초 대기 (연속 1회)
2026-04-09 04:26:41 [WARNING] apscheduler.scheduler Execution of job "코인 스캔 (trigger: interval[0:05:00], next run at: 2026-04-09 04:26:41 KST)" skipped: maximum number of running instances reached (1)
2026-04-09 04:26:41 [ERROR] order_executor       잔고 조회 실패: binanceusdm testnet/sandbox mode is not supported for futures anymore, please check the deprecation announcement https://t.me/ccxt_announcements/92 and consider using the demo trading instead.
2026-04-09 04:26:47 [WARNING] coin_scanner         [UNI/USDT:USDT] 429 감지 — 5초 대기 (연속 1회)
2026-04-09 04:27:11 [INFO] coin_scanner         [DEBUG] ETH/USDT:USDT  ADX=37.4  ATR%=0.86%  VolRatio=0.41x  → 통과=False
2026-04-09 04:27:26 [WARNING] coin_scanner         [VANRY/USDT:USDT] 429 감지 — 5초 대기 (연속 1회)
2026-04-09 04:27:45 [WARNING] coin_scanner         [XNY/USDT:USDT] 429 감지 — 5초 대기 (연속 1회)
2026-04-09 04:28:11 [INFO] coin_scanner         === 스캔 완료: 최종 후보 1개 ===
2026-04-09 04:28:11 [INFO] coin_scanner           Q/USDT:USDT     | score=0.1 | ADX=25.0 | ATR%=1.57% | VolRatio=1.4x
2026-04-09 04:28:11 [INFO] main                 스캔 완료: 1개 후보
2026-04-09 04:28:11 [INFO] main                 심볼 변경 감지  추가=['Q/USDT:USDT']  제거=['LAB/USDT:USDT', 'REZ/USDT:USDT', 'HIPPO/USDT:USDT', 'GUN/USDT:USDT', 'CGPT/USDT:USDT', 'FRAX/USDT:USDT', 'MAGMA/USDT:USDT', 'ENJ/USDT:USDT', 'ATA/USDT:USDT', 'EUL/USDT:USDT']
2026-04-09 04:28:11 [INFO] data_fetcher         DataFetcher 종료 중...
2026-04-09 04:28:11 [WARNING] data_fetcher         WebSocket 닫힘 (code=None, msg=None)
2026-04-09 04:28:11 [INFO] data_fetcher         DataFetcher 종료 완료
2026-04-09 04:28:11 [INFO] data_fetcher         DataFetcher 시작
2026-04-09 04:28:11 [INFO] data_fetcher         초기 OHLCV 데이터 REST 로드 중...
2026-04-09 04:28:11 [INFO] data_fetcher         초기 데이터 로드 완료
2026-04-09 04:28:11 [INFO] data_fetcher         WebSocket 연결: wss://fstream.binance.com/stream?streams=qusdt@kline_15m/qusdt@kline_1h...
2026-04-09 04:28:11 [INFO] data_fetcher         WebSocket 스레드 시작 완료
2026-04-09 04:28:11 [INFO] orderbook            OrderBookManager 종료
2026-04-09 04:28:11 [WARNING] orderbook            호가창 WebSocket 닫힘 (code=None)
2026-04-09 04:28:11 [INFO] orderbook            OrderBookManager 시작
2026-04-09 04:28:11 [INFO] orderbook            호가창 WebSocket 연결: wss://fstream.binance.com/stream?streams=qusdt@depth20@100ms...
2026-04-09 04:28:11 [INFO] main                 피드 시작: 1개 심볼  ['15m', '1h']
2026-04-09 04:28:11 [INFO] data_fetcher         WebSocket 연결 성공
2026-04-09 04:28:12 [INFO] orderbook            호가창 WebSocket 연결 성공
2026-04-09 04:31:41 [INFO] main                 정기 스캔 시작...
2026-04-09 04:31:41 [ERROR] order_executor       잔고 조회 실패: binanceusdm testnet/sandbox mode is not supported for futures anymore, please check the deprecation announcement https://t.me/ccxt_announcements/92 and consider using the demo trading instead.
2026-04-09 04:31:41 [INFO] coin_scanner         === 코인 스캔 시작 ===
2026-04-09 04:31:41 [INFO] coin_scanner         전체 티커 조회 중...
2026-04-09 04:31:41 [INFO] coin_scanner         티커 심볼 샘플: ['HEI/USDT:USDT', 'GRIFFAIN/USDT:USDT', 'BSV/USDT:USDT', 'RIVER/USDT:USDT', 'AVAX/USDC:USDC']
2026-04-09 04:31:41 [INFO] coin_scanner         거래대금 필터 통과: 514개
2026-04-09 04:31:45 [WARNING] coin_scanner         [METIS/USDT:USDT] 429 감지 — 5초 대기 (연속 1회)
2026-04-09 04:31:52 [WARNING] coin_scanner         [KAITO/USDT:USDT] 429 감지 — 5초 대기 (연속 1회)
2026-04-09 04:32:01 [INFO] coin_scanner         [DEBUG] ETHFI/USDT:USDT  ADX=32.0  ATR%=1.00%  VolRatio=0.40x  → 통과=False
2026-04-09 04:32:42 [WARNING] coin_scanner         [LUNA2/USDT:USDT] 429 감지 — 5초 대기 (연속 1회)
2026-04-09 04:32:51 [WARNING] coin_scanner         [FIO/USDT:USDT] 429 감지 — 5초 대기 (연속 1회)
2026-04-09 04:32:57 [WARNING] coin_scanner         [BNT/USDT:USDT] 429 감지 — 5초 대기 (연속 1회)
2026-04-09 04:33:16 [INFO] coin_scanner         [DEBUG] ETHW/USDT:USDT  ADX=37.7  ATR%=0.96%  VolRatio=0.04x  → 통과=False
2026-04-09 04:33:22 [INFO] coin_scanner         [DEBUG] ETH/USDT:USDT  ADX=37.4  ATR%=0.86%  VolRatio=0.46x  → 통과=False
2026-04-09 04:33:28 [INFO] coin_scanner         [DEBUG] BTCDOM/USDT:USDT  ADX=59.7  ATR%=0.68%  VolRatio=0.02x  → 통과=False
2026-04-09 04:33:44 [WARNING] coin_scanner         [BAN/USDT:USDT] 429 감지 — 5초 대기 (연속 1회)
2026-04-09 04:33:51 [WARNING] coin_scanner         [AAVE/USDT:USDT] 429 감지 — 5초 대기 (연속 1회)
2026-04-09 04:34:31 [INFO] coin_scanner         [DEBUG] PUMPBTC/USDT:USDT  ADX=27.6  ATR%=1.37%  VolRatio=0.70x  → 통과=False
2026-04-09 04:34:41 [WARNING] coin_scanner         [ZRO/USDT:USDT] 429 감지 — 5초 대기 (연속 1회)
2026-04-09 04:34:58 [WARNING] coin_scanner         [ARIA/USDT:USDT] 429 감지 — 5초 대기 (연속 1회)
2026-04-09 04:35:36 [WARNING] coin_scanner         [COMMON/USDT:USDT] 429 감지 — 5초 대기 (연속 1회)
2026-04-09 04:35:48 [WARNING] coin_scanner         [IP/USDT:USDT] 429 감지 — 5초 대기 (연속 1회)
2026-04-09 04:35:56 [WARNING] coin_scanner         [PUNDIX/USDT:USDT] 429 감지 — 5초 대기 (연속 1회)
2026-04-09 04:36:13 [INFO] coin_scanner         [DEBUG] BTC/USDT:USDT  ADX=48.5  ATR%=0.62%  VolRatio=0.52x  → 통과=False
2026-04-09 04:36:32 [WARNING] coin_scanner         [AVAAI/USDT:USDT] 429 감지 — 5초 대기 (연속 1회)
2026-04-09 04:36:41 [WARNING] apscheduler.scheduler Execution of job "코인 스캔 (trigger: interval[0:05:00], next run at: 2026-04-09 04:36:41 KST)" skipped: maximum number of running instances reached (1)
2026-04-09 04:36:41 [ERROR] order_executor       잔고 조회 실패: binanceusdm testnet/sandbox mode is not supported for futures anymore, please check the deprecation announcement https://t.me/ccxt_announcements/92 and consider using the demo trading instead.
2026-04-09 04:36:42 [WARNING] coin_scanner         [TUT/USDT:USDT] 429 감지 — 5초 대기 (연속 1회)
2026-04-09 04:36:48 [WARNING] coin_scanner         [SEI/USDT:USDT] 429 감지 — 5초 대기 (연속 1회)
2026-04-09 04:37:41 [WARNING] coin_scanner         [ZORA/USDT:USDT] 429 감지 — 5초 대기 (연속 1회)
2026-04-09 04:37:49 [INFO] coin_scanner         === 스캔 완료: 최종 후보 4개 ===
2026-04-09 04:37:49 [INFO] coin_scanner           MAGMA/USDT:USDT | score=5.4 | ADX=60.8 | ATR%=2.69% | VolRatio=1.4x
2026-04-09 04:37:49 [INFO] coin_scanner           SKYAI/USDT:USDT | score=1.1 | ADX=29.4 | ATR%=2.03% | VolRatio=1.5x
2026-04-09 04:37:49 [INFO] coin_scanner           TOWNS/USDT:USDT | score=1.0 | ADX=26.3 | ATR%=2.23% | VolRatio=1.3x
2026-04-09 04:37:49 [INFO] coin_scanner           Q/USDT:USDT     | score=0.1 | ADX=25.0 | ATR%=1.57% | VolRatio=2.1x
2026-04-09 04:37:49 [INFO] main                 스캔 완료: 4개 후보
2026-04-09 04:37:49 [INFO] main                 심볼 변경 감지  추가=['TOWNS/USDT:USDT', 'MAGMA/USDT:USDT', 'SKYAI/USDT:USDT']  제거=[]
2026-04-09 04:37:49 [INFO] data_fetcher         DataFetcher 종료 중...
2026-04-09 04:37:49 [WARNING] data_fetcher         WebSocket 닫힘 (code=None, msg=None)
2026-04-09 04:37:49 [INFO] data_fetcher         DataFetcher 종료 완료
2026-04-09 04:37:49 [INFO] data_fetcher         DataFetcher 시작
2026-04-09 04:37:49 [INFO] data_fetcher         초기 OHLCV 데이터 REST 로드 중...
2026-04-09 04:37:51 [INFO] data_fetcher         초기 데이터 로드 완료
2026-04-09 04:37:51 [INFO] data_fetcher         WebSocket 연결: wss://fstream.binance.com/stream?streams=qusdt@kline_15m/qusdt@kline_1h/magmausd...
2026-04-09 04:37:51 [INFO] data_fetcher         WebSocket 스레드 시작 완료
2026-04-09 04:37:51 [INFO] orderbook            OrderBookManager 종료
2026-04-09 04:37:51 [WARNING] orderbook            호가창 WebSocket 닫힘 (code=None)
2026-04-09 04:37:51 [INFO] orderbook            OrderBookManager 시작
2026-04-09 04:37:51 [INFO] orderbook            호가창 WebSocket 연결: wss://fstream.binance.com/stream?streams=qusdt@depth20@100ms/magmausdt@depth20@1...
2026-04-09 04:37:51 [INFO] main                 피드 시작: 4개 심볼  ['15m', '1h']
2026-04-09 04:37:51 [INFO] data_fetcher         WebSocket 연결 성공
2026-04-09 04:37:51 [INFO] orderbook            호가창 WebSocket 연결 성공
2026-04-09 04:41:41 [INFO] main                 정기 스캔 시작...
2026-04-09 04:41:41 [ERROR] order_executor       잔고 조회 실패: binanceusdm testnet/sandbox mode is not supported for futures anymore, please check the deprecation announcement https://t.me/ccxt_announcements/92 and consider using the demo trading instead.
2026-04-09 04:41:41 [INFO] coin_scanner         === 코인 스캔 시작 ===
2026-04-09 04:41:41 [INFO] coin_scanner         전체 티커 조회 중...
2026-04-09 04:41:41 [INFO] coin_scanner         티커 심볼 샘플: ['TRADOOR/USDT:USDT', 'SWELL/USDT:USDT', 'GRASS/USDT:USDT', 'BAKE/USDT:USDT', 'BADGER/USDT:USDT']
2026-04-09 04:41:41 [INFO] coin_scanner         거래대금 필터 통과: 514개
2026-04-09 04:41:54 [INFO] coin_scanner         [DEBUG] ETHW/USDT:USDT  ADX=37.7  ATR%=0.96%  VolRatio=0.04x  → 통과=False
2026-04-09 04:42:28 [INFO] coin_scanner         [DEBUG] ETH/USDT:USDT  ADX=37.4  ATR%=0.86%  VolRatio=0.54x  → 통과=False
2026-04-09 04:43:13 [INFO] coin_scanner         [DEBUG] BTC/USDT:USDT  ADX=48.5  ATR%=0.62%  VolRatio=0.71x  → 통과=False
2026-04-09 04:43:25 [INFO] coin_scanner         [DEBUG] ETHFI/USDT:USDT  ADX=32.1  ATR%=1.00%  VolRatio=0.52x  → 통과=False
2026-04-09 04:46:07 [INFO] coin_scanner         [DEBUG] BTCDOM/USDT:USDT  ADX=59.6  ATR%=0.68%  VolRatio=0.02x  → 통과=False
2026-04-09 04:46:11 [INFO] coin_scanner         [DEBUG] PUMPBTC/USDT:USDT  ADX=27.6  ATR%=1.37%  VolRatio=0.70x  → 통과=False
2026-04-09 04:46:41 [WARNING] apscheduler.scheduler Execution of job "코인 스캔 (trigger: interval[0:05:00], next run at: 2026-04-09 04:46:41 KST)" skipped: maximum number of running instances reached (1)
2026-04-09 04:46:41 [ERROR] order_executor       잔고 조회 실패: binanceusdm testnet/sandbox mode is not supported for futures anymore, please check the deprecation announcement https://t.me/ccxt_announcements/92 and consider using the demo trading instead.
2026-04-09 04:46:43 [INFO] coin_scanner         === 스캔 완료: 최종 후보 8개 ===
2026-04-09 04:46:43 [INFO] coin_scanner           MAGMA/USDT:USDT | score=5.4 | ADX=60.8 | ATR%=2.67% | VolRatio=1.6x
2026-04-09 04:46:43 [INFO] coin_scanner           LAB/USDT:USDT   | score=4.8 | ADX=40.5 | ATR%=7.69% | VolRatio=1.4x
2026-04-09 04:46:43 [INFO] coin_scanner           EUL/USDT:USDT   | score=3.7 | ADX=47.9 | ATR%=2.40% | VolRatio=1.2x
2026-04-09 04:46:43 [INFO] coin_scanner           IDOL/USDT:USDT  | score=1.5 | ADX=36.4 | ATR%=1.70% | VolRatio=1.5x
2026-04-09 04:46:43 [INFO] coin_scanner           SKYAI/USDT:USDT | score=1.2 | ADX=29.3 | ATR%=2.05% | VolRatio=1.6x
2026-04-09 04:46:43 [INFO] coin_scanner           Q/USDT:USDT     | score=1.1 | ADX=25.4 | ATR%=1.68% | VolRatio=2.9x
2026-04-09 04:46:43 [INFO] coin_scanner           TOWNS/USDT:USDT | score=1.1 | ADX=26.3 | ATR%=2.25% | VolRatio=1.7x
2026-04-09 04:46:43 [INFO] coin_scanner           XAN/USDT:USDT   | score=0.2 | ADX=25.6 | ATR%=1.61% | VolRatio=1.3x
2026-04-09 04:46:43 [INFO] main                 스캔 완료: 8개 후보
2026-04-09 04:46:43 [INFO] main                 심볼 변경 감지  추가=['LAB/USDT:USDT', 'EUL/USDT:USDT', 'IDOL/USDT:USDT', 'XAN/USDT:USDT']  제거=[]
2026-04-09 04:46:43 [INFO] data_fetcher         DataFetcher 종료 중...
2026-04-09 04:46:43 [WARNING] data_fetcher         WebSocket 닫힘 (code=None, msg=None)
2026-04-09 04:46:43 [INFO] data_fetcher         DataFetcher 종료 완료
2026-04-09 04:46:43 [INFO] data_fetcher         DataFetcher 시작
2026-04-09 04:46:43 [INFO] data_fetcher         초기 OHLCV 데이터 REST 로드 중...
2026-04-09 04:46:46 [INFO] data_fetcher         초기 데이터 로드 완료
2026-04-09 04:46:46 [INFO] data_fetcher         WebSocket 연결: wss://fstream.binance.com/stream?streams=labusdt@kline_15m/labusdt@kline_1h/qusd...
2026-04-09 04:46:46 [INFO] data_fetcher         WebSocket 스레드 시작 완료
2026-04-09 04:46:46 [INFO] orderbook            OrderBookManager 종료
2026-04-09 04:46:46 [WARNING] orderbook            호가창 WebSocket 닫힘 (code=None)
2026-04-09 04:46:46 [INFO] orderbook            OrderBookManager 시작
2026-04-09 04:46:46 [INFO] orderbook            호가창 WebSocket 연결: wss://fstream.binance.com/stream?streams=labusdt@depth20@100ms/qusdt@depth20@100...
2026-04-09 04:46:46 [INFO] main                 피드 시작: 8개 심볼  ['15m', '1h']
2026-04-09 04:46:46 [INFO] data_fetcher         WebSocket 연결 성공
2026-04-09 04:46:46 [INFO] orderbook            호가창 WebSocket 연결 성공
2026-04-09 04:51:41 [INFO] main                 정기 스캔 시작...
2026-04-09 04:51:41 [INFO] coin_scanner         === 코인 스캔 시작 ===
2026-04-09 04:51:41 [INFO] coin_scanner         전체 티커 조회 중...
2026-04-09 04:51:41 [ERROR] order_executor       잔고 조회 실패: binanceusdm testnet/sandbox mode is not supported for futures anymore, please check the deprecation announcement https://t.me/ccxt_announcements/92 and consider using the demo trading instead.
2026-04-09 04:51:41 [INFO] coin_scanner         티커 심볼 샘플: ['TRADOOR/USDT:USDT', 'VIDT/USDT:USDT', 'FIS/USDT:USDT', 'WCT/USDT:USDT', '1000SHIB/USDT:USDT']
2026-04-09 04:51:41 [INFO] coin_scanner         거래대금 필터 통과: 514개
2026-04-09 04:53:50 [INFO] coin_scanner         [DEBUG] ETHW/USDT:USDT  ADX=37.7  ATR%=0.96%  VolRatio=0.04x  → 통과=False
2026-04-09 04:55:07 [INFO] coin_scanner         [DEBUG] ETHFI/USDT:USDT  ADX=32.1  ATR%=1.00%  VolRatio=0.52x  → 통과=False
2026-04-09 04:55:33 [INFO] coin_scanner         [DEBUG] BTCDOM/USDT:USDT  ADX=59.6  ATR%=0.68%  VolRatio=0.02x  → 통과=False
2026-04-09 04:55:35 [INFO] coin_scanner         [DEBUG] PUMPBTC/USDT:USDT  ADX=27.6  ATR%=1.37%  VolRatio=0.70x  → 통과=False
2026-04-09 04:56:18 [INFO] coin_scanner         [DEBUG] ETH/USDT:USDT  ADX=37.4  ATR%=0.86%  VolRatio=0.69x  → 통과=False
2026-04-09 04:56:19 [INFO] coin_scanner         [DEBUG] BTC/USDT:USDT  ADX=48.5  ATR%=0.62%  VolRatio=0.80x  → 통과=False
2026-04-09 04:56:36 [INFO] coin_scanner         === 스캔 완료: 최종 후보 10개 ===
2026-04-09 04:56:36 [INFO] coin_scanner           ENJ/USDT:USDT   | score=5.7 | ADX=60.5 | ATR%=2.94% | VolRatio=1.6x
2026-04-09 04:56:36 [INFO] coin_scanner           MAGMA/USDT:USDT | score=5.4 | ADX=60.8 | ATR%=2.67% | VolRatio=1.7x
2026-04-09 04:56:36 [INFO] coin_scanner           LAB/USDT:USDT   | score=4.8 | ADX=40.5 | ATR%=7.67% | VolRatio=1.5x
2026-04-09 04:56:36 [INFO] coin_scanner           EUL/USDT:USDT   | score=3.8 | ADX=48.0 | ATR%=2.46% | VolRatio=1.8x
2026-04-09 04:56:36 [INFO] coin_scanner           DAM/USDT:USDT   | score=2.9 | ADX=41.6 | ATR%=2.32% | VolRatio=1.3x
2026-04-09 04:56:36 [INFO] coin_scanner           COS/USDT:USDT   | score=2.3 | ADX=44.3 | ATR%=1.58% | VolRatio=1.5x
2026-04-09 04:56:36 [INFO] coin_scanner           IDOL/USDT:USDT  | score=1.6 | ADX=36.4 | ATR%=1.72% | VolRatio=1.6x
2026-04-09 04:56:36 [INFO] coin_scanner           Q/USDT:USDT     | score=1.5 | ADX=25.4 | ATR%=1.69% | VolRatio=3.2x
2026-04-09 04:56:36 [INFO] coin_scanner           SKYAI/USDT:USDT | score=1.2 | ADX=29.2 | ATR%=2.08% | VolRatio=1.7x
2026-04-09 04:56:36 [INFO] coin_scanner           TOWNS/USDT:USDT | score=1.1 | ADX=26.3 | ATR%=2.25% | VolRatio=1.8x
2026-04-09 04:56:36 [INFO] main                 스캔 완료: 10개 후보
2026-04-09 04:56:36 [INFO] main                 심볼 변경 감지  추가=['ENJ/USDT:USDT', 'DAM/USDT:USDT', 'COS/USDT:USDT']  제거=['XAN/USDT:USDT']
2026-04-09 04:56:36 [INFO] data_fetcher         DataFetcher 종료 중...
2026-04-09 04:56:37 [WARNING] data_fetcher         WebSocket 닫힘 (code=None, msg=None)
2026-04-09 04:56:37 [INFO] data_fetcher         DataFetcher 종료 완료
2026-04-09 04:56:37 [INFO] data_fetcher         DataFetcher 시작
2026-04-09 04:56:37 [INFO] data_fetcher         초기 OHLCV 데이터 REST 로드 중...
2026-04-09 04:56:37 [ERROR] data_fetcher         초기 로드 실패 [LAB/USDT:USDT 15m]: binanceusdm 429 Too Many Requests {"code":-1003,"msg":"Too many requests; current limit of IP(15.158.3.8) is 6000 requests per minute. Please use the websocket for live updates to avoid polling the API."}
2026-04-09 04:56:40 [INFO] data_fetcher         초기 데이터 로드 완료
2026-04-09 04:56:40 [INFO] data_fetcher         WebSocket 연결: wss://fstream.binance.com/stream?streams=labusdt@kline_15m/labusdt@kline_1h/damu...
2026-04-09 04:56:40 [INFO] data_fetcher         WebSocket 스레드 시작 완료
2026-04-09 04:56:40 [INFO] orderbook            OrderBookManager 종료
2026-04-09 04:56:40 [WARNING] orderbook            호가창 WebSocket 닫힘 (code=None)
2026-04-09 04:56:40 [INFO] orderbook            OrderBookManager 시작
2026-04-09 04:56:40 [INFO] orderbook            호가창 WebSocket 연결: wss://fstream.binance.com/stream?streams=labusdt@depth20@100ms/damusdt@depth20@1...
2026-04-09 04:56:40 [INFO] main                 피드 시작: 10개 심볼  ['15m', '1h']
2026-04-09 04:56:40 [INFO] data_fetcher         WebSocket 연결 성공
2026-04-09 04:56:40 [INFO] orderbook            호가창 WebSocket 연결 성공
2026-04-09 04:56:41 [INFO] main                 정기 스캔 시작...
2026-04-09 04:56:41 [ERROR] order_executor       잔고 조회 실패: binanceusdm testnet/sandbox mode is not supported for futures anymore, please check the deprecation announcement https://t.me/ccxt_announcements/92 and consider using the demo trading instead.
2026-04-09 04:56:41 [INFO] coin_scanner         === 코인 스캔 시작 ===
2026-04-09 04:56:41 [INFO] coin_scanner         전체 티커 조회 중...
2026-04-09 04:56:41 [INFO] coin_scanner         티커 심볼 샘플: ['MOVE/USDT:USDT', 'GUA/USDT:USDT', 'REEF/USDT:USDT', 'AAVE/USDT:USDT', '1000SHIB/USDT:USDT']
2026-04-09 04:56:41 [INFO] coin_scanner         거래대금 필터 통과: 514개
2026-04-09 04:57:46 [INFO] coin_scanner         [DEBUG] ETHFI/USDT:USDT  ADX=32.1  ATR%=1.00%  VolRatio=0.52x  → 통과=False
2026-04-09 04:58:48 [INFO] coin_scanner         [DEBUG] BTC/USDT:USDT  ADX=48.5  ATR%=0.62%  VolRatio=0.86x  → 통과=False
2026-04-09 04:59:07 [INFO] coin_scanner         [DEBUG] ETHW/USDT:USDT  ADX=37.7  ATR%=0.96%  VolRatio=0.04x  → 통과=False
2026-04-09 04:59:13 [INFO] coin_scanner         [DEBUG] BTCDOM/USDT:USDT  ADX=59.6  ATR%=0.68%  VolRatio=0.02x  → 통과=False
2026-04-09 05:00:02 [INFO] coin_scanner         [DEBUG] PUMPBTC/USDT:USDT  ADX=27.6  ATR%=1.37%  VolRatio=0.70x  → 통과=False
2026-04-09 05:00:05 [INFO] coin_scanner         [DEBUG] ETH/USDT:USDT  ADX=37.4  ATR%=0.86%  VolRatio=0.69x  → 통과=False
2026-04-09 05:01:41 [WARNING] apscheduler.scheduler Execution of job "코인 스캔 (trigger: interval[0:05:00], next run at: 2026-04-09 05:01:41 KST)" skipped: maximum number of running instances reached (1)
2026-04-09 05:01:41 [ERROR] order_executor       잔고 조회 실패: binanceusdm testnet/sandbox mode is not supported for futures anymore, please check the deprecation announcement https://t.me/ccxt_announcements/92 and consider using the demo trading instead.
2026-04-09 05:01:46 [INFO] coin_scanner         === 스캔 완료: 최종 후보 10개 ===
2026-04-09 05:01:46 [INFO] coin_scanner           ENJ/USDT:USDT   | score=5.8 | ADX=60.5 | ATR%=2.98% | VolRatio=1.7x
2026-04-09 05:01:46 [INFO] coin_scanner           MAGMA/USDT:USDT | score=5.4 | ADX=60.8 | ATR%=2.67% | VolRatio=1.7x
2026-04-09 05:01:46 [INFO] coin_scanner           LAB/USDT:USDT   | score=4.8 | ADX=40.5 | ATR%=7.85% | VolRatio=1.6x
2026-04-09 05:01:46 [INFO] coin_scanner           EUL/USDT:USDT   | score=3.8 | ADX=48.0 | ATR%=2.46% | VolRatio=1.8x
2026-04-09 05:01:46 [INFO] coin_scanner           DAM/USDT:USDT   | score=2.9 | ADX=41.6 | ATR%=2.31% | VolRatio=1.4x
2026-04-09 05:01:46 [INFO] coin_scanner           COS/USDT:USDT   | score=2.3 | ADX=44.3 | ATR%=1.58% | VolRatio=1.5x
2026-04-09 05:01:46 [INFO] coin_scanner           PIXEL/USDT:USDT | score=1.6 | ADX=36.2 | ATR%=1.73% | VolRatio=1.3x
2026-04-09 05:01:46 [INFO] coin_scanner           IDOL/USDT:USDT  | score=1.6 | ADX=36.4 | ATR%=1.71% | VolRatio=1.6x
2026-04-09 05:01:46 [INFO] coin_scanner           Q/USDT:USDT     | score=1.5 | ADX=25.4 | ATR%=1.68% | VolRatio=3.3x
2026-04-09 05:01:46 [INFO] coin_scanner           SKYAI/USDT:USDT | score=1.2 | ADX=29.2 | ATR%=2.08% | VolRatio=1.7x
2026-04-09 05:01:46 [INFO] main                 스캔 완료: 10개 후보
2026-04-09 05:01:46 [INFO] main                 심볼 변경 감지  추가=['PIXEL/USDT:USDT']  제거=['TOWNS/USDT:USDT']
2026-04-09 05:01:46 [INFO] data_fetcher         DataFetcher 종료 중...
2026-04-09 05:01:46 [WARNING] data_fetcher         WebSocket 닫힘 (code=None, msg=None)
2026-04-09 05:01:46 [INFO] data_fetcher         DataFetcher 종료 완료
2026-04-09 05:01:46 [INFO] data_fetcher         DataFetcher 시작
2026-04-09 05:01:46 [INFO] data_fetcher         초기 OHLCV 데이터 REST 로드 중...
2026-04-09 05:01:50 [INFO] data_fetcher         초기 데이터 로드 완료
2026-04-09 05:01:50 [INFO] data_fetcher         WebSocket 연결: wss://fstream.binance.com/stream?streams=labusdt@kline_15m/labusdt@kline_1h/damu...
2026-04-09 05:01:50 [INFO] data_fetcher         WebSocket 스레드 시작 완료
2026-04-09 05:01:50 [INFO] orderbook            OrderBookManager 종료
2026-04-09 05:01:50 [WARNING] orderbook            호가창 WebSocket 닫힘 (code=None)
2026-04-09 05:01:50 [INFO] orderbook            OrderBookManager 시작
2026-04-09 05:01:50 [INFO] orderbook            호가창 WebSocket 연결: wss://fstream.binance.com/stream?streams=labusdt@depth20@100ms/damusdt@depth20@1...
2026-04-09 05:01:50 [INFO] main                 피드 시작: 10개 심볼  ['15m', '1h']
2026-04-09 05:01:50 [INFO] data_fetcher         WebSocket 연결 성공
2026-04-09 05:01:50 [INFO] orderbook            호가창 WebSocket 연결 성공
2026-04-09 05:06:41 [INFO] main                 정기 스캔 시작...
2026-04-09 05:06:41 [ERROR] order_executor       잔고 조회 실패: binanceusdm testnet/sandbox mode is not supported for futures anymore, please check the deprecation announcement https://t.me/ccxt_announcements/92 and consider using the demo trading instead.
2026-04-09 05:06:41 [INFO] coin_scanner         === 코인 스캔 시작 ===
2026-04-09 05:06:41 [INFO] coin_scanner         전체 티커 조회 중...
2026-04-09 05:06:41 [INFO] coin_scanner         티커 심볼 샘플: ['MOCA/USDT:USDT', 'REI/USDT:USDT', 'RENDER/USDT:USDT', 'MERL/USDT:USDT', '1000000BOB/USDT:USDT']
2026-04-09 05:06:41 [INFO] coin_scanner         거래대금 필터 통과: 514개
2026-04-09 05:07:28 [INFO] coin_scanner         [DEBUG] BTCDOM/USDT:USDT  ADX=56.7  ATR%=0.66%  VolRatio=0.00x  → 통과=False
2026-04-09 05:07:30 [INFO] coin_scanner         [DEBUG] BTC/USDT:USDT  ADX=43.7  ATR%=0.59%  VolRatio=0.16x  → 통과=False
2026-04-09 05:07:50 [WARNING] coin_scanner         [AVAX/USDT:USDT] 429 감지 — 5초 대기 (연속 1회)
2026-04-09 05:08:51 [WARNING] coin_scanner         [CATI/USDT:USDT] 429 감지 — 5초 대기 (연속 1회)
2026-04-09 05:09:48 [INFO] coin_scanner         [DEBUG] PUMPBTC/USDT:USDT  ADX=22.8  ATR%=1.29%  VolRatio=0.00x  → 통과=False
2026-04-09 05:09:48 [WARNING] coin_scanner         [CFX/USDT:USDT] 429 감지 — 5초 대기 (연속 1회)
2026-04-09 05:10:17 [INFO] coin_scanner         [DEBUG] ETH/USDT:USDT  ADX=35.5  ATR%=0.83%  VolRatio=0.19x  → 통과=False
2026-04-09 05:10:19 [INFO] coin_scanner         [DEBUG] ETHFI/USDT:USDT  ADX=30.9  ATR%=0.95%  VolRatio=0.00x  → 통과=False
2026-04-09 05:10:33 [INFO] coin_scanner         [DEBUG] ETHW/USDT:USDT  ADX=35.5  ATR%=0.91%  VolRatio=0.00x  → 통과=False
2026-04-09 05:10:58 [WARNING] coin_scanner         [NAORIS/USDT:USDT] 429 감지 — 5초 대기 (연속 1회)
2026-04-09 05:11:41 [WARNING] apscheduler.scheduler Execution of job "코인 스캔 (trigger: interval[0:05:00], next run at: 2026-04-09 05:11:41 KST)" skipped: maximum number of running instances reached (1)
2026-04-09 05:11:41 [ERROR] order_executor       잔고 조회 실패: binanceusdm testnet/sandbox mode is not supported for futures anymore, please check the deprecation announcement https://t.me/ccxt_announcements/92 and consider using the demo trading instead.
2026-04-09 05:11:48 [WARNING] coin_scanner         [BROCCOLI714/USDT:USDT] 429 감지 — 5초 대기 (연속 1회)
2026-04-09 05:12:07 [INFO] coin_scanner         === 스캔 완료: 최종 후보 1개 ===
2026-04-09 05:12:07 [INFO] coin_scanner           MAGIC/USDT:USDT | score=1.7 | ADX=39.0 | ATR%=1.61% | VolRatio=1.4x
2026-04-09 05:12:07 [INFO] main                 스캔 완료: 1개 후보
2026-04-09 05:12:07 [INFO] main                 심볼 변경 감지  추가=['MAGIC/USDT:USDT']  제거=['LAB/USDT:USDT', 'DAM/USDT:USDT', 'Q/USDT:USDT', 'SKYAI/USDT:USDT', 'PIXEL/USDT:USDT', 'MAGMA/USDT:USDT', 'IDOL/USDT:USDT', 'COS/USDT:USDT', 'ENJ/USDT:USDT', 'EUL/USDT:USDT']
2026-04-09 05:12:07 [INFO] data_fetcher         DataFetcher 종료 중...
2026-04-09 05:12:07 [WARNING] data_fetcher         WebSocket 닫힘 (code=None, msg=None)
2026-04-09 05:12:07 [INFO] data_fetcher         DataFetcher 종료 완료
2026-04-09 05:12:07 [INFO] data_fetcher         DataFetcher 시작
2026-04-09 05:12:07 [INFO] data_fetcher         초기 OHLCV 데이터 REST 로드 중...
2026-04-09 05:12:07 [INFO] data_fetcher         초기 데이터 로드 완료
2026-04-09 05:12:07 [INFO] data_fetcher         WebSocket 연결: wss://fstream.binance.com/stream?streams=magicusdt@kline_15m/magicusdt@kline_1h...
2026-04-09 05:12:07 [INFO] data_fetcher         WebSocket 스레드 시작 완료
2026-04-09 05:12:07 [INFO] orderbook            OrderBookManager 종료
2026-04-09 05:12:07 [WARNING] orderbook            호가창 WebSocket 닫힘 (code=None)
2026-04-09 05:12:08 [INFO] orderbook            OrderBookManager 시작
2026-04-09 05:12:08 [INFO] orderbook            호가창 WebSocket 연결: wss://fstream.binance.com/stream?streams=magicusdt@depth20@100ms...
2026-04-09 05:12:08 [INFO] main                 피드 시작: 1개 심볼  ['15m', '1h']
2026-04-09 05:12:08 [INFO] data_fetcher         WebSocket 연결 성공
2026-04-09 05:12:08 [INFO] orderbook            호가창 WebSocket 연결 성공
2026-04-09 05:16:41 [INFO] main                 정기 스캔 시작...
2026-04-09 05:16:41 [ERROR] order_executor       잔고 조회 실패: binanceusdm testnet/sandbox mode is not supported for futures anymore, please check the deprecation announcement https://t.me/ccxt_announcements/92 and consider using the demo trading instead.
2026-04-09 05:16:41 [INFO] coin_scanner         === 코인 스캔 시작 ===
2026-04-09 05:16:41 [INFO] coin_scanner         전체 티커 조회 중...
2026-04-09 05:16:41 [INFO] coin_scanner         티커 심볼 샘플: ['HOT/USDT:USDT', 'COMMON/USDT:USDT', 'GALA/USDT:USDT', 'GOOGL/USDT:USDT', 'CKB/USDT:USDT']
2026-04-09 05:16:41 [INFO] coin_scanner         거래대금 필터 통과: 513개
2026-04-09 05:17:47 [INFO] coin_scanner         [DEBUG] BTC/USDT:USDT  ADX=43.8  ATR%=0.59%  VolRatio=0.24x  → 통과=False
2026-04-09 05:18:06 [INFO] coin_scanner         [DEBUG] ETH/USDT:USDT  ADX=35.5  ATR%=0.83%  VolRatio=0.23x  → 통과=False
2026-04-09 05:18:09 [INFO] coin_scanner         [DEBUG] PUMPBTC/USDT:USDT  ADX=22.8  ATR%=1.29%  VolRatio=0.00x  → 통과=False
2026-04-09 05:18:45 [WARNING] coin_scanner         [LIGHT/USDT:USDT] 429 감지 — 5초 대기 (연속 1회)
2026-04-09 05:18:53 [WARNING] coin_scanner         [WLD/USDT:USDT] 429 감지 — 5초 대기 (연속 1회)
2026-04-09 05:19:10 [INFO] coin_scanner         [DEBUG] BTCDOM/USDT:USDT  ADX=56.7  ATR%=0.66%  VolRatio=0.00x  → 통과=False
2026-04-09 05:19:34 [WARNING] coin_scanner         [BIGTIME/USDT:USDT] 429 감지 — 5초 대기 (연속 1회)
2026-04-09 05:19:50 [WARNING] coin_scanner         [C/USDT:USDT] 429 감지 — 5초 대기 (연속 1회)
2026-04-09 05:20:12 [INFO] coin_scanner         [DEBUG] ETHW/USDT:USDT  ADX=35.5  ATR%=0.93%  VolRatio=0.00x  → 통과=False
2026-04-09 05:20:27 [WARNING] coin_scanner         [XAU/USDT:USDT] 429 감지 — 5초 대기 (연속 1회)
2026-04-09 05:20:45 [WARNING] coin_scanner         [MBOX/USDT:USDT] 429 감지 — 5초 대기 (연속 1회)
2026-04-09 05:20:59 [WARNING] coin_scanner         [NOT/USDT:USDT] 429 감지 — 5초 대기 (연속 1회)
2026-04-09 05:21:06 [INFO] coin_scanner         [DEBUG] ETHFI/USDT:USDT  ADX=30.9  ATR%=0.96%  VolRatio=0.00x  → 통과=False
2026-04-09 05:21:41 [WARNING] apscheduler.scheduler Execution of job "코인 스캔 (trigger: interval[0:05:00], next run at: 2026-04-09 05:21:41 KST)" skipped: maximum number of running instances reached (1)
2026-04-09 05:21:41 [ERROR] order_executor       잔고 조회 실패: binanceusdm testnet/sandbox mode is not supported for futures anymore, please check the deprecation announcement https://t.me/ccxt_announcements/92 and consider using the demo trading instead.
2026-04-09 05:21:44 [WARNING] coin_scanner         [POPCAT/USDT:USDT] 429 감지 — 5초 대기 (연속 1회)
2026-04-09 05:21:57 [WARNING] coin_scanner         [HAEDAL/USDT:USDT] 429 감지 — 5초 대기 (연속 1회)
2026-04-09 05:22:20 [INFO] coin_scanner         === 스캔 완료: 최종 후보 1개 ===
2026-04-09 05:22:20 [INFO] coin_scanner           MAGIC/USDT:USDT | score=2.2 | ADX=39.0 | ATR%=1.79% | VolRatio=2.3x
2026-04-09 05:22:20 [INFO] main                 스캔 완료: 1개 후보
2026-04-09 05:26:41 [INFO] main                 정기 스캔 시작...
2026-04-09 05:26:41 [ERROR] order_executor       잔고 조회 실패: binanceusdm testnet/sandbox mode is not supported for futures anymore, please check the deprecation announcement https://t.me/ccxt_announcements/92 and consider using the demo trading instead.
2026-04-09 05:26:41 [INFO] coin_scanner         === 코인 스캔 시작 ===
2026-04-09 05:26:41 [INFO] coin_scanner         전체 티커 조회 중...
2026-04-09 05:26:41 [INFO] coin_scanner         티커 심볼 샘플: ['WLD/USDC:USDC', 'AERGO/USDT:USDT', 'KAITO/USDT:USDT', 'DUSK/USDT:USDT', 'NEO/USDT:USDT']
2026-04-09 05:26:41 [INFO] coin_scanner         거래대금 필터 통과: 513개
2026-04-09 05:26:41 [WARNING] coin_scanner         [DUSK/USDT:USDT] 429 감지 — 5초 대기 (연속 1회)
2026-04-09 05:26:51 [WARNING] coin_scanner         [CC/USDT:USDT] 429 감지 — 5초 대기 (연속 1회)
2026-04-09 05:27:02 [INFO] coin_scanner         [DEBUG] BTCDOM/USDT:USDT  ADX=56.7  ATR%=0.66%  VolRatio=0.00x  → 통과=False
2026-04-09 05:27:04 [INFO] coin_scanner         [DEBUG] PUMPBTC/USDT:USDT  ADX=22.8  ATR%=1.30%  VolRatio=0.00x  → 통과=False
2026-04-09 05:27:29 [WARNING] coin_scanner         [LINK/USDT:USDT] 429 감지 — 5초 대기 (연속 1회)
2026-04-09 05:27:51 [WARNING] coin_scanner         [ORCA/USDT:USDT] 429 감지 — 5초 대기 (연속 1회)
2026-04-09 05:28:40 [INFO] coin_scanner         [DEBUG] ETHW/USDT:USDT  ADX=35.5  ATR%=0.93%  VolRatio=0.00x  → 통과=False
2026-04-09 05:28:57 [WARNING] coin_scanner         [1000FLOKI/USDT:USDT] 429 감지 — 5초 대기 (연속 1회)
2026-04-09 05:29:39 [INFO] coin_scanner         [DEBUG] BTC/USDT:USDT  ADX=43.8  ATR%=0.60%  VolRatio=0.39x  → 통과=False
2026-04-09 05:29:54 [WARNING] coin_scanner         [RDNT/USDT:USDT] 429 감지 — 5초 대기 (연속 1회)
2026-04-09 05:30:58 [WARNING] coin_scanner         [OXT/USDT:USDT] 429 감지 — 5초 대기 (연속 1회)
2026-04-09 05:31:41 [WARNING] apscheduler.scheduler Execution of job "코인 스캔 (trigger: interval[0:05:00], next run at: 2026-04-09 05:31:41 KST)" skipped: maximum number of running instances reached (1)
2026-04-09 05:31:41 [ERROR] order_executor       잔고 조회 실패: binanceusdm testnet/sandbox mode is not supported for futures anymore, please check the deprecation announcement https://t.me/ccxt_announcements/92 and consider using the demo trading instead.
2026-04-09 05:32:06 [INFO] coin_scanner         [DEBUG] ETHFI/USDT:USDT  ADX=30.9  ATR%=0.96%  VolRatio=0.00x  → 통과=False
2026-04-09 05:32:07 [INFO] coin_scanner         [DEBUG] ETH/USDT:USDT  ADX=35.5  ATR%=0.83%  VolRatio=0.31x  → 통과=False
2026-04-09 05:32:17 [INFO] coin_scanner         === 스캔 완료: 최종 후보 2개 ===
2026-04-09 05:32:17 [INFO] coin_scanner           MAGIC/USDT:USDT | score=2.6 | ADX=39.0 | ATR%=1.85% | VolRatio=2.6x
2026-04-09 05:32:17 [INFO] coin_scanner           SKYAI/USDT:USDT | score=1.4 | ADX=31.0 | ATR%=2.09% | VolRatio=1.7x
2026-04-09 05:32:17 [INFO] main                 스캔 완료: 2개 후보
2026-04-09 05:32:17 [INFO] main                 심볼 변경 감지  추가=['SKYAI/USDT:USDT']  제거=[]
2026-04-09 05:32:17 [INFO] data_fetcher         DataFetcher 종료 중...
2026-04-09 05:32:17 [WARNING] data_fetcher         WebSocket 닫힘 (code=None, msg=None)
2026-04-09 05:32:17 [INFO] data_fetcher         DataFetcher 종료 완료
2026-04-09 05:32:17 [INFO] data_fetcher         DataFetcher 시작
2026-04-09 05:32:17 [INFO] data_fetcher         초기 OHLCV 데이터 REST 로드 중...
2026-04-09 05:32:18 [INFO] data_fetcher         초기 데이터 로드 완료
2026-04-09 05:32:18 [INFO] data_fetcher         WebSocket 연결: wss://fstream.binance.com/stream?streams=magicusdt@kline_15m/magicusdt@kline_1h/...
2026-04-09 05:32:18 [INFO] data_fetcher         WebSocket 스레드 시작 완료
2026-04-09 05:32:18 [INFO] orderbook            OrderBookManager 종료
2026-04-09 05:32:18 [WARNING] orderbook            호가창 WebSocket 닫힘 (code=None)
2026-04-09 05:32:18 [INFO] orderbook            OrderBookManager 시작
2026-04-09 05:32:18 [INFO] orderbook            호가창 WebSocket 연결: wss://fstream.binance.com/stream?streams=magicusdt@depth20@100ms/skyaiusdt@depth...
2026-04-09 05:32:18 [INFO] main                 피드 시작: 2개 심볼  ['15m', '1h']
2026-04-09 05:32:18 [INFO] data_fetcher         WebSocket 연결 성공
2026-04-09 05:32:18 [INFO] orderbook            호가창 WebSocket 연결 성공
2026-04-09 05:36:41 [INFO] main                 정기 스캔 시작...
2026-04-09 05:36:41 [ERROR] order_executor       잔고 조회 실패: binanceusdm testnet/sandbox mode is not supported for futures anymore, please check the deprecation announcement https://t.me/ccxt_announcements/92 and consider using the demo trading instead.
2026-04-09 05:36:41 [INFO] coin_scanner         === 코인 스캔 시작 ===
2026-04-09 05:36:41 [INFO] coin_scanner         전체 티커 조회 중...
2026-04-09 05:36:41 [INFO] coin_scanner         티커 심볼 샘플: ['MORPHO/USDT:USDT', 'PNUT/USDC:USDC', 'HAEDAL/USDT:USDT', 'FIL/USDC:USDC', 'HOLO/USDT:USDT']
2026-04-09 05:36:41 [INFO] coin_scanner         거래대금 필터 통과: 513개
2026-04-09 05:36:53 [INFO] coin_scanner         [DEBUG] BTCDOM/USDT:USDT  ADX=56.7  ATR%=0.66%  VolRatio=0.00x  → 통과=False
2026-04-09 05:37:46 [WARNING] coin_scanner         [YALA/USDT:USDT] 429 감지 — 5초 대기 (연속 1회)
2026-04-09 05:38:56 [INFO] coin_scanner         [DEBUG] PUMPBTC/USDT:USDT  ADX=22.8  ATR%=1.30%  VolRatio=0.00x  → 통과=False
2026-04-09 05:38:59 [WARNING] coin_scanner         [CLANKER/USDT:USDT] 429 감지 — 5초 대기 (연속 1회)
2026-04-09 05:39:31 [INFO] coin_scanner         [DEBUG] ETHFI/USDT:USDT  ADX=31.1  ATR%=0.98%  VolRatio=0.00x  → 통과=False
2026-04-09 05:39:52 [WARNING] coin_scanner         [SKYAI/USDT:USDT] 429 감지 — 5초 대기 (연속 1회)
2026-04-09 05:40:54 [INFO] coin_scanner         [DEBUG] ETHW/USDT:USDT  ADX=35.4  ATR%=0.93%  VolRatio=0.00x  → 통과=False
2026-04-09 05:41:18 [INFO] coin_scanner         [DEBUG] BTC/USDT:USDT  ADX=43.8  ATR%=0.60%  VolRatio=0.58x  → 통과=False
2026-04-09 05:41:27 [WARNING] coin_scanner         [GHST/USDT:USDT] 429 감지 — 5초 대기 (연속 1회)
2026-04-09 05:41:41 [WARNING] apscheduler.scheduler Execution of job "코인 스캔 (trigger: interval[0:05:00], next run at: 2026-04-09 05:41:41 KST)" skipped: maximum number of running instances reached (1)
2026-04-09 05:41:41 [ERROR] order_executor       잔고 조회 실패: binanceusdm testnet/sandbox mode is not supported for futures anymore, please check the deprecation announcement https://t.me/ccxt_announcements/92 and consider using the demo trading instead.
2026-04-09 05:41:54 [INFO] coin_scanner         [DEBUG] ETH/USDT:USDT  ADX=35.5  ATR%=0.83%  VolRatio=0.49x  → 통과=False
2026-04-09 05:41:59 [INFO] coin_scanner         === 스캔 완료: 최종 후보 3개 ===
2026-04-09 05:41:59 [INFO] coin_scanner           LAB/USDT:USDT   | score=4.7 | ADX=39.8 | ATR%=8.62% | VolRatio=1.3x
2026-04-09 05:41:59 [INFO] coin_scanner           FARTCOIN/USDT:USDT | score=3.5 | ADX=49.3 | ATR%=2.06% | VolRatio=1.8x
2026-04-09 05:41:59 [INFO] coin_scanner           MAGIC/USDT:USDT | score=2.8 | ADX=39.0 | ATR%=1.83% | VolRatio=2.8x
2026-04-09 05:41:59 [INFO] main                 스캔 완료: 3개 후보
2026-04-09 05:41:59 [INFO] main                 심볼 변경 감지  추가=['LAB/USDT:USDT', 'FARTCOIN/USDT:USDT']  제거=['SKYAI/USDT:USDT']
2026-04-09 05:41:59 [INFO] data_fetcher         DataFetcher 종료 중...
2026-04-09 05:41:59 [WARNING] data_fetcher         WebSocket 닫힘 (code=None, msg=None)
2026-04-09 05:41:59 [INFO] data_fetcher         DataFetcher 종료 완료
2026-04-09 05:41:59 [INFO] data_fetcher         DataFetcher 시작
2026-04-09 05:41:59 [INFO] data_fetcher         초기 OHLCV 데이터 REST 로드 중...
2026-04-09 05:42:00 [INFO] data_fetcher         초기 데이터 로드 완료
2026-04-09 05:42:00 [INFO] data_fetcher         WebSocket 연결: wss://fstream.binance.com/stream?streams=labusdt@kline_15m/labusdt@kline_1h/magi...
2026-04-09 05:42:00 [INFO] data_fetcher         WebSocket 스레드 시작 완료
2026-04-09 05:42:00 [INFO] orderbook            OrderBookManager 종료
2026-04-09 05:42:00 [WARNING] orderbook            호가창 WebSocket 닫힘 (code=None)
2026-04-09 05:42:00 [INFO] orderbook            OrderBookManager 시작
2026-04-09 05:42:00 [INFO] orderbook            호가창 WebSocket 연결: wss://fstream.binance.com/stream?streams=labusdt@depth20@100ms/magicusdt@depth20...
2026-04-09 05:42:00 [INFO] main                 피드 시작: 3개 심볼  ['15m', '1h']
2026-04-09 05:42:01 [INFO] data_fetcher         WebSocket 연결 성공
2026-04-09 05:42:01 [INFO] orderbook            호가창 WebSocket 연결 성공
2026-04-09 05:46:41 [INFO] main                 정기 스캔 시작...
2026-04-09 05:46:41 [ERROR] order_executor       잔고 조회 실패: binanceusdm testnet/sandbox mode is not supported for futures anymore, please check the deprecation announcement https://t.me/ccxt_announcements/92 and consider using the demo trading instead.
2026-04-09 05:46:41 [INFO] coin_scanner         === 코인 스캔 시작 ===
2026-04-09 05:46:41 [INFO] coin_scanner         전체 티커 조회 중...
2026-04-09 05:46:41 [INFO] coin_scanner         티커 심볼 샘플: ['AGT/USDT:USDT', 'PENGU/USDT:USDT', 'SAHARA/USDT:USDT', 'DAR/USDT:USDT', 'TIA/USDT:USDT']
2026-04-09 05:46:41 [INFO] coin_scanner         거래대금 필터 통과: 514개
2026-04-09 05:47:06 [INFO] coin_scanner         [DEBUG] BTCDOM/USDT:USDT  ADX=56.7  ATR%=0.67%  VolRatio=0.00x  → 통과=False
2026-04-09 05:47:58 [WARNING] coin_scanner         [FRAX/USDT:USDT] 429 감지 — 5초 대기 (연속 1회)
2026-04-09 05:48:32 [INFO] coin_scanner         [DEBUG] ETHW/USDT:USDT  ADX=35.4  ATR%=0.93%  VolRatio=0.00x  → 통과=False
2026-04-09 05:49:41 [INFO] coin_scanner         [DEBUG] PUMPBTC/USDT:USDT  ADX=22.7  ATR%=1.30%  VolRatio=0.07x  → 통과=False
2026-04-09 05:50:57 [INFO] coin_scanner         [DEBUG] BTC/USDT:USDT  ADX=43.8  ATR%=0.60%  VolRatio=0.70x  → 통과=False
2026-04-09 05:51:36 [INFO] coin_scanner         [DEBUG] ETH/USDT:USDT  ADX=35.5  ATR%=0.84%  VolRatio=0.61x  → 통과=False
2026-04-09 05:51:41 [WARNING] apscheduler.scheduler Execution of job "코인 스캔 (trigger: interval[0:05:00], next run at: 2026-04-09 05:51:41 KST)" skipped: maximum number of running instances reached (1)
2026-04-09 05:51:41 [ERROR] order_executor       잔고 조회 실패: binanceusdm testnet/sandbox mode is not supported for futures anymore, please check the deprecation announcement https://t.me/ccxt_announcements/92 and consider using the demo trading instead.
2026-04-09 05:51:44 [INFO] coin_scanner         [DEBUG] ETHFI/USDT:USDT  ADX=31.2  ATR%=0.99%  VolRatio=0.00x  → 통과=False
2026-04-09 05:51:52 [INFO] coin_scanner         === 스캔 완료: 최종 후보 9개 ===
2026-04-09 05:51:52 [INFO] coin_scanner           ENJ/USDT:USDT   | score=6.0 | ADX=70.7 | ATR%=3.17% | VolRatio=1.6x
2026-04-09 05:51:52 [INFO] coin_scanner           EUL/USDT:USDT   | score=5.1 | ADX=59.5 | ATR%=2.48% | VolRatio=1.3x
2026-04-09 05:51:52 [INFO] coin_scanner           LAB/USDT:USDT   | score=4.7 | ADX=39.8 | ATR%=8.19% | VolRatio=1.6x
2026-04-09 05:51:52 [INFO] coin_scanner           MAGMA/USDT:USDT | score=3.8 | ADX=45.9 | ATR%=2.71% | VolRatio=1.4x
2026-04-09 05:51:52 [INFO] coin_scanner           FARTCOIN/USDT:USDT | score=3.8 | ADX=49.5 | ATR%=2.07% | VolRatio=2.3x
2026-04-09 05:51:52 [INFO] coin_scanner           MAGIC/USDT:USDT | score=3.0 | ADX=39.0 | ATR%=1.85% | VolRatio=3.0x
2026-04-09 05:51:52 [INFO] coin_scanner           SKYAI/USDT:USDT | score=2.0 | ADX=31.0 | ATR%=2.18% | VolRatio=2.5x
2026-04-09 05:51:52 [INFO] coin_scanner           Q/USDT:USDT     | score=1.6 | ADX=30.4 | ATR%=1.82% | VolRatio=2.6x
2026-04-09 05:51:52 [INFO] coin_scanner           ZRO/USDT:USDT   | score=1.1 | ADX=32.7 | ATR%=1.72% | VolRatio=1.6x
2026-04-09 05:51:52 [INFO] main                 스캔 완료: 9개 후보
2026-04-09 05:51:52 [INFO] main                 심볼 변경 감지  추가=['Q/USDT:USDT', 'ZRO/USDT:USDT', 'SKYAI/USDT:USDT', 'MAGMA/USDT:USDT', 'ENJ/USDT:USDT', 'EUL/USDT:USDT']  제거=[]
2026-04-09 05:51:52 [INFO] data_fetcher         DataFetcher 종료 중...
2026-04-09 05:51:52 [WARNING] data_fetcher         WebSocket 닫힘 (code=None, msg=None)
2026-04-09 05:51:52 [INFO] data_fetcher         DataFetcher 종료 완료
2026-04-09 05:51:52 [INFO] data_fetcher         DataFetcher 시작
2026-04-09 05:51:52 [INFO] data_fetcher         초기 OHLCV 데이터 REST 로드 중...
2026-04-09 05:51:55 [INFO] data_fetcher         초기 데이터 로드 완료
2026-04-09 05:51:55 [INFO] data_fetcher         WebSocket 연결: wss://fstream.binance.com/stream?streams=labusdt@kline_15m/labusdt@kline_1h/qusd...
2026-04-09 05:51:55 [INFO] data_fetcher         WebSocket 스레드 시작 완료
2026-04-09 05:51:55 [INFO] orderbook            OrderBookManager 종료
2026-04-09 05:51:55 [WARNING] orderbook            호가창 WebSocket 닫힘 (code=None)
2026-04-09 05:51:55 [INFO] orderbook            OrderBookManager 시작
2026-04-09 05:51:55 [INFO] orderbook            호가창 WebSocket 연결: wss://fstream.binance.com/stream?streams=labusdt@depth20@100ms/qusdt@depth20@100...
2026-04-09 05:51:55 [INFO] main                 피드 시작: 9개 심볼  ['15m', '1h']
2026-04-09 05:51:55 [INFO] data_fetcher         WebSocket 연결 성공
2026-04-09 05:51:55 [INFO] orderbook            호가창 WebSocket 연결 성공
2026-04-09 05:56:41 [INFO] main                 정기 스캔 시작...
2026-04-09 05:56:41 [ERROR] order_executor       잔고 조회 실패: binanceusdm testnet/sandbox mode is not supported for futures anymore, please check the deprecation announcement https://t.me/ccxt_announcements/92 and consider using the demo trading instead.
2026-04-09 05:56:41 [INFO] coin_scanner         === 코인 스캔 시작 ===
2026-04-09 05:56:41 [INFO] coin_scanner         전체 티커 조회 중...
2026-04-09 05:56:41 [INFO] coin_scanner         티커 심볼 샘플: ['YFI/USDT:USDT', 'PUNDIX/USDT:USDT', 'ID/USDT:USDT', '我踏马来了/USDT:USDT', 'ASTR/USDT:USDT']
2026-04-09 05:56:41 [INFO] coin_scanner         거래대금 필터 통과: 513개
2026-04-09 05:56:45 [WARNING] coin_scanner         [CC/USDT:USDT] 429 감지 — 5초 대기 (연속 1회)
2026-04-09 05:57:43 [WARNING] coin_scanner         [GTC/USDT:USDT] 429 감지 — 5초 대기 (연속 1회)
2026-04-09 05:57:51 [WARNING] coin_scanner         [KITE/USDT:USDT] 429 감지 — 5초 대기 (연속 1회)
2026-04-09 05:58:07 [INFO] coin_scanner         [DEBUG] ETH/USDT:USDT  ADX=35.5  ATR%=0.84%  VolRatio=0.67x  → 통과=False
2026-04-09 05:58:09 [INFO] coin_scanner         [DEBUG] BTCDOM/USDT:USDT  ADX=56.7  ATR%=0.67%  VolRatio=0.01x  → 통과=False
2026-04-09 05:58:30 [WARNING] coin_scanner         [ONDO/USDT:USDT] 429 감지 — 5초 대기 (연속 1회)
2026-04-09 05:58:39 [WARNING] coin_scanner         [IMX/USDT:USDT] 429 감지 — 5초 대기 (연속 1회)
2026-04-09 05:58:46 [WARNING] coin_scanner         [CRCL/USDT:USDT] 429 감지 — 5초 대기 (연속 1회)
2026-04-09 05:58:51 [WARNING] coin_scanner         [1000000BOB/USDT:USDT] 429 감지 — 10초 대기 (연속 2회)
2026-04-09 05:59:22 [INFO] coin_scanner         [DEBUG] BTC/USDT:USDT  ADX=43.8  ATR%=0.60%  VolRatio=0.75x  → 통과=False
2026-04-09 05:59:37 [WARNING] coin_scanner         [ATOM/USDT:USDT] 429 감지 — 5초 대기 (연속 1회)
2026-04-09 05:59:45 [WARNING] coin_scanner         [HEMI/USDT:USDT] 429 감지 — 5초 대기 (연속 1회)
2026-04-09 05:59:50 [WARNING] coin_scanner         [YB/USDT:USDT] 429 감지 — 10초 대기 (연속 2회)
2026-04-09 06:00:38 [WARNING] coin_scanner         [FIGHT/USDT:USDT] 429 감지 — 5초 대기 (연속 1회)
2026-04-09 06:00:46 [WARNING] coin_scanner         [ACT/USDT:USDT] 429 감지 — 5초 대기 (연속 1회)
2026-04-09 06:00:52 [WARNING] coin_scanner         [SPORTFUN/USDT:USDT] 429 감지 — 5초 대기 (연속 1회)
2026-04-09 06:00:57 [WARNING] coin_scanner         [EIGEN/USDT:USDT] 429 감지 — 5초 대기 (연속 1회)
2026-04-09 06:01:36 [WARNING] coin_scanner         [TIA/USDT:USDT] 429 감지 — 5초 대기 (연속 1회)
2026-04-09 06:01:41 [WARNING] apscheduler.scheduler Execution of job "코인 스캔 (trigger: interval[0:05:00], next run at: 2026-04-09 06:01:41 KST)" skipped: maximum number of running instances reached (1)
2026-04-09 06:01:41 [ERROR] order_executor       잔고 조회 실패: binanceusdm testnet/sandbox mode is not supported for futures anymore, please check the deprecation announcement https://t.me/ccxt_announcements/92 and consider using the demo trading instead.
2026-04-09 06:01:50 [WARNING] coin_scanner         [FIDA/USDT:USDT] 429 감지 — 5초 대기 (연속 1회)
2026-04-09 06:01:56 [WARNING] coin_scanner         [META/USDT:USDT] 429 감지 — 5초 대기 (연속 1회)
2026-04-09 06:02:22 [INFO] coin_scanner         [DEBUG] PUMPBTC/USDT:USDT  ADX=22.7  ATR%=1.30%  VolRatio=0.17x  → 통과=False
2026-04-09 06:02:27 [WARNING] coin_scanner         [FHE/USDT:USDT] 429 감지 — 5초 대기 (연속 1회)
2026-04-09 06:02:42 [INFO] coin_scanner         [DEBUG] ETHFI/USDT:USDT  ADX=31.4  ATR%=0.92%  VolRatio=0.00x  → 통과=False
2026-04-09 06:02:43 [WARNING] coin_scanner         [OXT/USDT:USDT] 429 감지 — 5초 대기 (연속 1회)
2026-04-09 06:02:49 [WARNING] coin_scanner         [ETHW/USDT:USDT] 429 감지 — 5초 대기 (연속 1회)
2026-04-09 06:02:55 [WARNING] coin_scanner         [WAL/USDT:USDT] 429 감지 — 5초 대기 (연속 1회)
2026-04-09 06:03:27 [INFO] coin_scanner         === 스캔 완료: 최종 후보 7개 ===
2026-04-09 06:03:27 [INFO] coin_scanner           EUL/USDT:USDT   | score=5.1 | ADX=59.5 | ATR%=2.48% | VolRatio=1.5x
2026-04-09 06:03:27 [INFO] coin_scanner           LAB/USDT:USDT   | score=4.7 | ADX=39.8 | ATR%=8.20% | VolRatio=1.6x
2026-04-09 06:03:27 [INFO] coin_scanner           MAGMA/USDT:USDT | score=3.9 | ADX=45.9 | ATR%=2.73% | VolRatio=1.4x
2026-04-09 06:03:27 [INFO] coin_scanner           MAGIC/USDT:USDT | score=3.3 | ADX=39.0 | ATR%=1.90% | VolRatio=3.2x
2026-04-09 06:03:27 [INFO] coin_scanner           Q/USDT:USDT     | score=1.8 | ADX=30.4 | ATR%=1.83% | VolRatio=2.8x
2026-04-09 06:03:27 [INFO] coin_scanner           ZRO/USDT:USDT   | score=1.8 | ADX=32.7 | ATR%=1.79% | VolRatio=2.6x
2026-04-09 06:03:27 [INFO] coin_scanner           XAN/USDT:USDT   | score=1.0 | ADX=25.6 | ATR%=1.82% | VolRatio=2.6x
2026-04-09 06:03:27 [INFO] main                 스캔 완료: 7개 후보
2026-04-09 06:03:27 [INFO] main                 심볼 변경 감지  추가=['XAN/USDT:USDT']  제거=['ENJ/USDT:USDT', 'FARTCOIN/USDT:USDT', 'SKYAI/USDT:USDT']
2026-04-09 06:03:27 [INFO] data_fetcher         DataFetcher 종료 중...
2026-04-09 06:03:27 [WARNING] data_fetcher         WebSocket 닫힘 (code=None, msg=None)
2026-04-09 06:03:27 [INFO] data_fetcher         DataFetcher 종료 완료
2026-04-09 06:03:27 [INFO] data_fetcher         DataFetcher 시작
2026-04-09 06:03:27 [INFO] data_fetcher         초기 OHLCV 데이터 REST 로드 중...
2026-04-09 06:03:30 [INFO] data_fetcher         초기 데이터 로드 완료
2026-04-09 06:03:30 [INFO] data_fetcher         WebSocket 연결: wss://fstream.binance.com/stream?streams=labusdt@kline_15m/labusdt@kline_1h/qusd...
2026-04-09 06:03:30 [INFO] data_fetcher         WebSocket 스레드 시작 완료
2026-04-09 06:03:30 [INFO] orderbook            OrderBookManager 종료
2026-04-09 06:03:30 [WARNING] orderbook            호가창 WebSocket 닫힘 (code=None)
2026-04-09 06:03:30 [INFO] orderbook            OrderBookManager 시작
2026-04-09 06:03:30 [INFO] orderbook            호가창 WebSocket 연결: wss://fstream.binance.com/stream?streams=labusdt@depth20@100ms/qusdt@depth20@100...
2026-04-09 06:03:30 [INFO] main                 피드 시작: 7개 심볼  ['15m', '1h']
2026-04-09 06:03:30 [INFO] data_fetcher         WebSocket 연결 성공
2026-04-09 06:03:30 [INFO] orderbook            호가창 WebSocket 연결 성공
2026-04-09 06:06:41 [INFO] main                 정기 스캔 시작...
2026-04-09 06:06:41 [ERROR] order_executor       잔고 조회 실패: binanceusdm testnet/sandbox mode is not supported for futures anymore, please check the deprecation announcement https://t.me/ccxt_announcements/92 and consider using the demo trading instead.
2026-04-09 06:06:41 [INFO] coin_scanner         === 코인 스캔 시작 ===
2026-04-09 06:06:41 [INFO] coin_scanner         전체 티커 조회 중...
2026-04-09 06:06:41 [INFO] coin_scanner         티커 심볼 샘플: ['GUA/USDT:USDT', 'APEBUSD', 'SPELL/USDT:USDT', '测试测试/USDT:USDT', 'EUL/USDT:USDT']
2026-04-09 06:06:41 [INFO] coin_scanner         거래대금 필터 통과: 512개
2026-04-09 06:06:46 [WARNING] coin_scanner         [TAKE/USDT:USDT] 429 감지 — 5초 대기 (연속 1회)
2026-04-09 06:06:52 [INFO] coin_scanner         [DEBUG] BTCDOM/USDT:USDT  ADX=56.7  ATR%=0.62%  VolRatio=0.00x  → 통과=False
2026-04-09 06:06:55 [WARNING] coin_scanner         [RAVE/USDT:USDT] 429 감지 — 5초 대기 (연속 1회)
2026-04-09 06:07:56 [INFO] coin_scanner         [DEBUG] BTC/USDT:USDT  ADX=41.7  ATR%=0.55%  VolRatio=0.01x  → 통과=False
2026-04-09 06:08:32 [INFO] coin_scanner         [DEBUG] ETH/USDT:USDT  ADX=30.3  ATR%=0.79%  VolRatio=0.11x  → 통과=False
2026-04-09 06:10:43 [INFO] coin_scanner         [DEBUG] ETHW/USDT:USDT  ADX=32.5  ATR%=0.88%  VolRatio=0.00x  → 통과=False
2026-04-09 06:10:54 [INFO] coin_scanner         [DEBUG] ETHFI/USDT:USDT  ADX=31.4  ATR%=0.95%  VolRatio=0.00x  → 통과=False
2026-04-09 06:11:41 [WARNING] apscheduler.scheduler Execution of job "코인 스캔 (trigger: interval[0:05:00], next run at: 2026-04-09 06:11:41 KST)" skipped: maximum number of running instances reached (1)
2026-04-09 06:11:41 [ERROR] order_executor       잔고 조회 실패: binanceusdm testnet/sandbox mode is not supported for futures anymore, please check the deprecation announcement https://t.me/ccxt_announcements/92 and consider using the demo trading instead.
2026-04-09 06:11:53 [INFO] coin_scanner         [DEBUG] PUMPBTC/USDT:USDT  ADX=26.5  ATR%=1.24%  VolRatio=0.00x  → 통과=False
2026-04-09 06:11:58 [INFO] coin_scanner         === 스캔 완료: 최종 후보 0개 ===
2026-04-09 06:11:58 [INFO] main                 스캔 완료: 0개 후보
2026-04-09 06:16:41 [INFO] main                 정기 스캔 시작...
2026-04-09 06:16:41 [ERROR] order_executor       잔고 조회 실패: binanceusdm testnet/sandbox mode is not supported for futures anymore, please check the deprecation announcement https://t.me/ccxt_announcements/92 and consider using the demo trading instead.
2026-04-09 06:16:41 [INFO] coin_scanner         === 코인 스캔 시작 ===
2026-04-09 06:16:41 [INFO] coin_scanner         전체 티커 조회 중...
2026-04-09 06:16:41 [INFO] coin_scanner         티커 심볼 샘플: ['FLOCK/USDT:USDT', 'DOGE/USDC:USDC', 'TA/USDT:USDT', 'CRCL/USDT:USDT', 'BTC/USDT:USDT-260626']
2026-04-09 06:16:41 [INFO] coin_scanner         거래대금 필터 통과: 511개
2026-04-09 06:16:48 [WARNING] coin_scanner         [MAGMA/USDT:USDT] 429 감지 — 5초 대기 (연속 1회)
2026-04-09 06:17:06 [INFO] coin_scanner         [DEBUG] ETH/USDT:USDT  ADX=30.3  ATR%=0.80%  VolRatio=0.34x  → 통과=False
2026-04-09 06:17:58 [WARNING] coin_scanner         [C98/USDT:USDT] 429 감지 — 5초 대기 (연속 1회)
2026-04-09 06:18:41 [WARNING] coin_scanner         [SOLV/USDT:USDT] 429 감지 — 5초 대기 (연속 1회)
2026-04-09 06:18:49 [WARNING] coin_scanner         [AKE/USDT:USDT] 429 감지 — 5초 대기 (연속 1회)
2026-04-09 06:19:05 [INFO] coin_scanner         [DEBUG] ETHW/USDT:USDT  ADX=32.5  ATR%=0.88%  VolRatio=0.00x  → 통과=False
2026-04-09 06:19:39 [INFO] coin_scanner         [DEBUG] BTC/USDT:USDT  ADX=41.7  ATR%=0.57%  VolRatio=0.28x  → 통과=False
2026-04-09 06:19:42 [WARNING] coin_scanner         [SHELL/USDT:USDT] 429 감지 — 5초 대기 (연속 1회)
2026-04-09 06:19:50 [WARNING] coin_scanner         [QNT/USDT:USDT] 429 감지 — 5초 대기 (연속 1회)
2026-04-09 06:20:29 [WARNING] coin_scanner         [FORM/USDT:USDT] 429 감지 — 5초 대기 (연속 1회)
2026-04-09 06:20:49 [WARNING] coin_scanner         [REI/USDT:USDT] 429 감지 — 5초 대기 (연속 1회)
2026-04-09 06:20:56 [INFO] coin_scanner         [DEBUG] ETHFI/USDT:USDT  ADX=31.2  ATR%=0.97%  VolRatio=0.30x  → 통과=False
2026-04-09 06:21:25 [INFO] coin_scanner         [DEBUG] PUMPBTC/USDT:USDT  ADX=26.5  ATR%=1.24%  VolRatio=0.00x  → 통과=False
2026-04-09 06:21:37 [WARNING] coin_scanner         [T/USDT:USDT] 429 감지 — 5초 대기 (연속 1회)
2026-04-09 06:21:41 [WARNING] apscheduler.scheduler Execution of job "코인 스캔 (trigger: interval[0:05:00], next run at: 2026-04-09 06:21:41 KST)" skipped: maximum number of running instances reached (1)
2026-04-09 06:21:41 [ERROR] order_executor       잔고 조회 실패: binanceusdm testnet/sandbox mode is not supported for futures anymore, please check the deprecation announcement https://t.me/ccxt_announcements/92 and consider using the demo trading instead.
2026-04-09 06:21:47 [INFO] coin_scanner         [DEBUG] BTCDOM/USDT:USDT  ADX=56.7  ATR%=0.62%  VolRatio=0.17x  → 통과=False
2026-04-09 06:22:29 [INFO] coin_scanner         === 스캔 완료: 최종 후보 2개 ===
2026-04-09 06:22:29 [INFO] coin_scanner           FARTCOIN/USDT:USDT | score=3.9 | ADX=51.3 | ATR%=2.23% | VolRatio=1.3x
2026-04-09 06:22:29 [INFO] coin_scanner           PARTI/USDT:USDT | score=3.6 | ADX=30.3 | ATR%=1.51% | VolRatio=5.6x
2026-04-09 06:22:29 [INFO] main                 스캔 완료: 2개 후보
2026-04-09 06:22:29 [INFO] main                 심볼 변경 감지  추가=['FARTCOIN/USDT:USDT', 'PARTI/USDT:USDT']  제거=['LAB/USDT:USDT', 'Q/USDT:USDT', 'ZRO/USDT:USDT', 'MAGMA/USDT:USDT', 'XAN/USDT:USDT', 'MAGIC/USDT:USDT', 'EUL/USDT:USDT']
2026-04-09 06:22:29 [INFO] data_fetcher         DataFetcher 종료 중...
2026-04-09 06:22:29 [WARNING] data_fetcher         WebSocket 닫힘 (code=None, msg=None)
2026-04-09 06:22:29 [INFO] data_fetcher         DataFetcher 종료 완료
2026-04-09 06:22:29 [INFO] data_fetcher         DataFetcher 시작
2026-04-09 06:22:29 [INFO] data_fetcher         초기 OHLCV 데이터 REST 로드 중...
2026-04-09 06:22:30 [INFO] data_fetcher         초기 데이터 로드 완료
2026-04-09 06:22:30 [INFO] data_fetcher         WebSocket 연결: wss://fstream.binance.com/stream?streams=fartcoinusdt@kline_15m/fartcoinusdt@kli...
2026-04-09 06:22:30 [INFO] data_fetcher         WebSocket 스레드 시작 완료
2026-04-09 06:22:30 [INFO] orderbook            OrderBookManager 종료
2026-04-09 06:22:30 [WARNING] orderbook            호가창 WebSocket 닫힘 (code=None)
2026-04-09 06:22:30 [INFO] orderbook            OrderBookManager 시작
2026-04-09 06:22:30 [INFO] orderbook            호가창 WebSocket 연결: wss://fstream.binance.com/stream?streams=fartcoinusdt@depth20@100ms/partiusdt@de...
2026-04-09 06:22:30 [INFO] main                 피드 시작: 2개 심볼  ['15m', '1h']
2026-04-09 06:22:30 [INFO] data_fetcher         WebSocket 연결 성공
2026-04-09 06:22:30 [INFO] orderbook            호가창 WebSocket 연결 성공
2026-04-09 06:26:41 [INFO] main                 정기 스캔 시작...
2026-04-09 06:26:41 [ERROR] order_executor       잔고 조회 실패: binanceusdm testnet/sandbox mode is not supported for futures anymore, please check the deprecation announcement https://t.me/ccxt_announcements/92 and consider using the demo trading instead.
2026-04-09 06:26:41 [INFO] coin_scanner         === 코인 스캔 시작 ===
2026-04-09 06:26:41 [INFO] coin_scanner         전체 티커 조회 중...
2026-04-09 06:26:41 [INFO] coin_scanner         티커 심볼 샘플: ['A2Z/USDT:USDT', 'BR/USDT:USDT', 'WCT/USDT:USDT', 'BTC/USDT:USDT-251226', 'BSV/USDT:USDT']
2026-04-09 06:26:41 [INFO] coin_scanner         거래대금 필터 통과: 511개
2026-04-09 06:27:31 [INFO] coin_scanner         [DEBUG] BTCDOM/USDT:USDT  ADX=56.7  ATR%=0.62%  VolRatio=0.17x  → 통과=False
2026-04-09 06:27:42 [WARNING] coin_scanner         [BAN/USDT:USDT] 429 감지 — 5초 대기 (연속 1회)
2026-04-09 06:27:58 [WARNING] coin_scanner         [BB/USDT:USDT] 429 감지 — 5초 대기 (연속 1회)
2026-04-09 06:28:34 [WARNING] coin_scanner         [ACU/USDT:USDT] 429 감지 — 5초 대기 (연속 1회)
2026-04-09 06:28:48 [WARNING] coin_scanner         [KAIA/USDT:USDT] 429 감지 — 5초 대기 (연속 1회)
2026-04-09 06:28:59 [WARNING] coin_scanner         [A/USDT:USDT] 429 감지 — 5초 대기 (연속 1회)
2026-04-09 06:29:14 [INFO] coin_scanner         [DEBUG] PUMPBTC/USDT:USDT  ADX=26.5  ATR%=1.25%  VolRatio=0.00x  → 통과=False
2026-04-09 06:29:35 [WARNING] coin_scanner         [APE/USDT:USDT] 429 감지 — 5초 대기 (연속 1회)
2026-04-09 06:29:41 [INFO] coin_scanner         [DEBUG] BTC/USDT:USDT  ADX=42.1  ATR%=0.59%  VolRatio=0.47x  → 통과=False
2026-04-09 06:29:45 [WARNING] coin_scanner         [CHR/USDT:USDT] 429 감지 — 5초 대기 (연속 1회)
2026-04-09 06:29:53 [WARNING] coin_scanner         [SPK/USDT:USDT] 429 감지 — 5초 대기 (연속 1회)
2026-04-09 06:30:35 [WARNING] coin_scanner         [GMT/USDT:USDT] 429 감지 — 5초 대기 (연속 1회)
2026-04-09 06:30:43 [WARNING] coin_scanner         [OBOL/USDT:USDT] 429 감지 — 5초 대기 (연속 1회)
2026-04-09 06:30:57 [WARNING] coin_scanner         [MLN/USDT:USDT] 429 감지 — 5초 대기 (연속 1회)
2026-04-09 06:31:13 [INFO] coin_scanner         [DEBUG] ETHW/USDT:USDT  ADX=33.2  ATR%=0.92%  VolRatio=0.60x  → 통과=False
2026-04-09 06:31:35 [INFO] coin_scanner         [DEBUG] ETH/USDT:USDT  ADX=30.5  ATR%=0.81%  VolRatio=0.54x  → 통과=False
2026-04-09 06:31:41 [WARNING] apscheduler.scheduler Execution of job "코인 스캔 (trigger: interval[0:05:00], next run at: 2026-04-09 06:31:41 KST)" skipped: maximum number of running instances reached (1)
2026-04-09 06:31:41 [ERROR] order_executor       잔고 조회 실패: binanceusdm testnet/sandbox mode is not supported for futures anymore, please check the deprecation announcement https://t.me/ccxt_announcements/92 and consider using the demo trading instead.
2026-04-09 06:31:51 [WARNING] coin_scanner         [STG/USDT:USDT] 429 감지 — 5초 대기 (연속 1회)
2026-04-09 06:32:26 [INFO] coin_scanner         [DEBUG] ETHFI/USDT:USDT  ADX=31.1  ATR%=0.97%  VolRatio=0.32x  → 통과=False
2026-04-09 06:32:37 [INFO] coin_scanner         === 스캔 완료: 최종 후보 4개 ===
2026-04-09 06:32:37 [INFO] coin_scanner           FARTCOIN/USDT:USDT | score=4.1 | ADX=51.6 | ATR%=2.33% | VolRatio=2.1x
2026-04-09 06:32:37 [INFO] coin_scanner           PARTI/USDT:USDT | score=3.7 | ADX=30.5 | ATR%=1.53% | VolRatio=8.1x
2026-04-09 06:32:37 [INFO] coin_scanner           MAV/USDT:USDT   | score=2.4 | ADX=32.3 | ATR%=2.77% | VolRatio=1.4x
2026-04-09 06:32:37 [INFO] coin_scanner           PORTAL/USDT:USDT | score=0.3 | ADX=27.4 | ATR%=1.54% | VolRatio=1.3x
2026-04-09 06:32:37 [INFO] main                 스캔 완료: 4개 후보
2026-04-09 06:32:37 [INFO] main                 심볼 변경 감지  추가=['MAV/USDT:USDT', 'PORTAL/USDT:USDT']  제거=[]
2026-04-09 06:32:37 [INFO] data_fetcher         DataFetcher 종료 중...
2026-04-09 06:32:37 [WARNING] data_fetcher         WebSocket 닫힘 (code=None, msg=None)
2026-04-09 06:32:37 [INFO] data_fetcher         DataFetcher 종료 완료
2026-04-09 06:32:37 [INFO] data_fetcher         DataFetcher 시작
2026-04-09 06:32:37 [INFO] data_fetcher         초기 OHLCV 데이터 REST 로드 중...
2026-04-09 06:32:38 [INFO] data_fetcher         초기 데이터 로드 완료
2026-04-09 06:32:38 [INFO] data_fetcher         WebSocket 연결: wss://fstream.binance.com/stream?streams=fartcoinusdt@kline_15m/fartcoinusdt@kli...
2026-04-09 06:32:38 [INFO] data_fetcher         WebSocket 스레드 시작 완료
2026-04-09 06:32:38 [INFO] orderbook            OrderBookManager 종료
2026-04-09 06:32:38 [WARNING] orderbook            호가창 WebSocket 닫힘 (code=None)
2026-04-09 06:32:38 [INFO] orderbook            OrderBookManager 시작
2026-04-09 06:32:38 [INFO] orderbook            호가창 WebSocket 연결: wss://fstream.binance.com/stream?streams=fartcoinusdt@depth20@100ms/portalusdt@d...
2026-04-09 06:32:38 [INFO] main                 피드 시작: 4개 심볼  ['15m', '1h']
2026-04-09 06:32:39 [INFO] data_fetcher         WebSocket 연결 성공
2026-04-09 06:32:39 [INFO] orderbook            호가창 WebSocket 연결 성공
2026-04-09 06:36:41 [INFO] main                 정기 스캔 시작...
2026-04-09 06:36:41 [ERROR] order_executor       잔고 조회 실패: binanceusdm testnet/sandbox mode is not supported for futures anymore, please check the deprecation announcement https://t.me/ccxt_announcements/92 and consider using the demo trading instead.
2026-04-09 06:36:41 [INFO] coin_scanner         === 코인 스캔 시작 ===
2026-04-09 06:36:41 [INFO] coin_scanner         전체 티커 조회 중...
2026-04-09 06:36:41 [INFO] coin_scanner         티커 심볼 샘플: ['RDNT/USDT:USDT', 'TUT/USDT:USDT', 'FIL/USDC:USDC', 'FORM/USDT:USDT', 'TIA/USDT:USDT']
2026-04-09 06:36:41 [INFO] coin_scanner         거래대금 필터 통과: 511개
2026-04-09 06:36:44 [INFO] coin_scanner         [DEBUG] BTCDOM/USDT:USDT  ADX=56.7  ATR%=0.62%  VolRatio=0.18x  → 통과=False
2026-04-09 06:36:46 [INFO] coin_scanner         [DEBUG] ETHFI/USDT:USDT  ADX=31.1  ATR%=0.98%  VolRatio=0.32x  → 통과=False
2026-04-09 06:36:49 [WARNING] coin_scanner         [ACT/USDT:USDT] 429 감지 — 5초 대기 (연속 1회)
2026-04-09 06:37:27 [WARNING] coin_scanner         [PAXG/USDT:USDT] 429 감지 — 5초 대기 (연속 1회)
2026-04-09 06:37:43 [WARNING] coin_scanner         [COIN/USDT:USDT] 429 감지 — 5초 대기 (연속 1회)
2026-04-09 06:37:50 [WARNING] coin_scanner         [COS/USDT:USDT] 429 감지 — 5초 대기 (연속 1회)
2026-04-09 06:37:58 [WARNING] coin_scanner         [ZKP/USDT:USDT] 429 감지 — 5초 대기 (연속 1회)
2026-04-09 06:38:30 [WARNING] coin_scanner         [SIREN/USDT:USDT] 429 감지 — 5초 대기 (연속 1회)
2026-04-09 06:38:41 [WARNING] coin_scanner         [ZRO/USDT:USDT] 429 감지 — 5초 대기 (연속 1회)
2026-04-09 06:38:51 [WARNING] coin_scanner         [SAFE/USDT:USDT] 429 감지 — 5초 대기 (연속 1회)
2026-04-09 06:39:39 [WARNING] coin_scanner         [BIRB/USDT:USDT] 429 감지 — 5초 대기 (연속 1회)
2026-04-09 06:39:52 [WARNING] coin_scanner         [VVV/USDT:USDT] 429 감지 — 5초 대기 (연속 1회)
2026-04-09 06:40:42 [WARNING] coin_scanner         [BEAT/USDT:USDT] 429 감지 — 5초 대기 (연속 1회)
2026-04-09 06:40:54 [WARNING] coin_scanner         [SUSHI/USDT:USDT] 429 감지 — 5초 대기 (연속 1회)
2026-04-09 06:41:19 [INFO] coin_scanner         [DEBUG] ETHW/USDT:USDT  ADX=33.3  ATR%=0.93%  VolRatio=0.64x  → 통과=False
2026-04-09 06:41:41 [WARNING] apscheduler.scheduler Execution of job "코인 스캔 (trigger: interval[0:05:00], next run at: 2026-04-09 06:41:41 KST)" skipped: maximum number of running instances reached (1)
2026-04-09 06:41:41 [ERROR] order_executor       잔고 조회 실패: binanceusdm testnet/sandbox mode is not supported for futures anymore, please check the deprecation announcement https://t.me/ccxt_announcements/92 and consider using the demo trading instead.
2026-04-09 06:41:59 [INFO] coin_scanner         [DEBUG] ETH/USDT:USDT  ADX=30.5  ATR%=0.81%  VolRatio=0.78x  → 통과=False
2026-04-09 06:42:09 [INFO] coin_scanner         [DEBUG] PUMPBTC/USDT:USDT  ADX=26.5  ATR%=1.26%  VolRatio=0.00x  → 통과=False
2026-04-09 06:42:19 [INFO] coin_scanner         [DEBUG] BTC/USDT:USDT  ADX=42.1  ATR%=0.59%  VolRatio=0.63x  → 통과=False
2026-04-09 06:42:34 [INFO] coin_scanner         === 스캔 완료: 최종 후보 10개 ===
2026-04-09 06:42:34 [INFO] coin_scanner           ENJ/USDT:USDT   | score=6.6 | ADX=64.8 | ATR%=3.65% | VolRatio=1.3x
2026-04-09 06:42:34 [INFO] coin_scanner           FARTCOIN/USDT:USDT | score=4.5 | ADX=51.6 | ATR%=2.30% | VolRatio=2.5x
2026-04-09 06:42:34 [INFO] coin_scanner           PARTI/USDT:USDT | score=3.7 | ADX=30.5 | ATR%=1.54% | VolRatio=10.0x
2026-04-09 06:42:34 [INFO] coin_scanner           RAVE/USDT:USDT  | score=3.2 | ADX=47.5 | ATR%=2.06% | VolRatio=1.2x
2026-04-09 06:42:34 [INFO] coin_scanner           MAV/USDT:USDT   | score=2.3 | ADX=32.3 | ATR%=2.76% | VolRatio=1.8x
2026-04-09 06:42:34 [INFO] coin_scanner           US/USDT:USDT    | score=1.4 | ADX=35.1 | ATR%=1.70% | VolRatio=1.6x
2026-04-09 06:42:34 [INFO] coin_scanner           XAN/USDT:USDT   | score=1.0 | ADX=28.7 | ATR%=1.96% | VolRatio=1.8x
2026-04-09 06:42:34 [INFO] coin_scanner           AIN/USDT:USDT   | score=0.8 | ADX=31.2 | ATR%=1.58% | VolRatio=1.2x
2026-04-09 06:42:34 [INFO] coin_scanner           XMR/USDT:USDT   | score=0.5 | ADX=28.2 | ATR%=1.64% | VolRatio=1.2x
2026-04-09 06:42:34 [INFO] coin_scanner           PORTAL/USDT:USDT | score=0.3 | ADX=27.4 | ATR%=1.53% | VolRatio=1.4x
2026-04-09 06:42:34 [INFO] main                 스캔 완료: 10개 후보
2026-04-09 06:42:34 [INFO] main                 심볼 변경 감지  추가=['US/USDT:USDT', 'XMR/USDT:USDT', 'RAVE/USDT:USDT', 'XAN/USDT:USDT', 'ENJ/USDT:USDT', 'AIN/USDT:USDT']  제거=[]
2026-04-09 06:42:34 [INFO] data_fetcher         DataFetcher 종료 중...
2026-04-09 06:42:35 [WARNING] data_fetcher         WebSocket 닫힘 (code=None, msg=None)
2026-04-09 06:42:35 [INFO] data_fetcher         DataFetcher 종료 완료
2026-04-09 06:42:35 [INFO] data_fetcher         DataFetcher 시작
2026-04-09 06:42:35 [INFO] data_fetcher         초기 OHLCV 데이터 REST 로드 중...
2026-04-09 06:42:38 [INFO] data_fetcher         초기 데이터 로드 완료
2026-04-09 06:42:38 [INFO] data_fetcher         WebSocket 연결: wss://fstream.binance.com/stream?streams=ususdt@kline_15m/ususdt@kline_1h/xmrusd...
2026-04-09 06:42:38 [INFO] data_fetcher         WebSocket 스레드 시작 완료
2026-04-09 06:42:38 [INFO] orderbook            OrderBookManager 종료
2026-04-09 06:42:38 [WARNING] orderbook            호가창 WebSocket 닫힘 (code=None)
2026-04-09 06:42:39 [INFO] orderbook            OrderBookManager 시작
2026-04-09 06:42:39 [INFO] orderbook            호가창 WebSocket 연결: wss://fstream.binance.com/stream?streams=ususdt@depth20@100ms/xmrusdt@depth20@10...
2026-04-09 06:42:39 [INFO] main                 피드 시작: 10개 심볼  ['15m', '1h']
2026-04-09 06:42:39 [INFO] data_fetcher         WebSocket 연결 성공
2026-04-09 06:42:39 [INFO] orderbook            호가창 WebSocket 연결 성공
2026-04-09 06:46:41 [INFO] main                 정기 스캔 시작...
2026-04-09 06:46:41 [ERROR] order_executor       잔고 조회 실패: binanceusdm testnet/sandbox mode is not supported for futures anymore, please check the deprecation announcement https://t.me/ccxt_announcements/92 and consider using the demo trading instead.
2026-04-09 06:46:41 [INFO] coin_scanner         === 코인 스캔 시작 ===
2026-04-09 06:46:41 [INFO] coin_scanner         전체 티커 조회 중...
2026-04-09 06:46:41 [INFO] coin_scanner         티커 심볼 샘플: ['MUBARAK/USDT:USDT', 'D/USDT:USDT', 'MTL/USDT:USDT', 'EGLD/USDT:USDT', 'SWELL/USDT:USDT']
2026-04-09 06:46:41 [INFO] coin_scanner         거래대금 필터 통과: 510개
2026-04-09 06:47:47 [INFO] coin_scanner         [DEBUG] BTCDOM/USDT:USDT  ADX=56.7  ATR%=0.62%  VolRatio=0.23x  → 통과=False
2026-04-09 06:48:19 [INFO] coin_scanner         [DEBUG] BTC/USDT:USDT  ADX=42.1  ATR%=0.59%  VolRatio=0.78x  → 통과=False
2026-04-09 06:48:59 [INFO] coin_scanner         [DEBUG] ETH/USDT:USDT  ADX=30.5  ATR%=0.81%  VolRatio=0.88x  → 통과=False
2026-04-09 06:49:01 [INFO] coin_scanner         [DEBUG] PUMPBTC/USDT:USDT  ADX=26.5  ATR%=1.26%  VolRatio=0.00x  → 통과=False
2026-04-09 06:49:15 [INFO] coin_scanner         [DEBUG] ETHFI/USDT:USDT  ADX=31.1  ATR%=0.98%  VolRatio=0.35x  → 통과=False
2026-04-09 06:50:31 [INFO] coin_scanner         [DEBUG] ETHW/USDT:USDT  ADX=33.3  ATR%=0.93%  VolRatio=0.64x  → 통과=False
2026-04-09 06:51:34 [WARNING] coin_scanner         [1000BONK/USDT:USDT] 429 감지 — 5초 대기 (연속 1회)
2026-04-09 06:51:40 [WARNING] coin_scanner         [UNI/USDT:USDT] 429 감지 — 5초 대기 (연속 1회)
2026-04-09 06:51:41 [WARNING] apscheduler.scheduler Execution of job "코인 스캔 (trigger: interval[0:05:00], next run at: 2026-04-09 06:51:41 KST)" skipped: maximum number of running instances reached (1)
2026-04-09 06:51:41 [ERROR] order_executor       잔고 조회 실패: binanceusdm testnet/sandbox mode is not supported for futures anymore, please check the deprecation announcement https://t.me/ccxt_announcements/92 and consider using the demo trading instead.
2026-04-09 06:51:45 [WARNING] coin_scanner         [CATI/USDT:USDT] 429 감지 — 10초 대기 (연속 2회)
2026-04-09 06:51:58 [WARNING] coin_scanner         [COAI/USDT:USDT] 429 감지 — 5초 대기 (연속 1회)
2026-04-09 06:52:07 [INFO] coin_scanner         === 스캔 완료: 최종 후보 10개 ===
2026-04-09 06:52:07 [INFO] coin_scanner           ENJ/USDT:USDT   | score=6.5 | ADX=64.8 | ATR%=3.62% | VolRatio=1.5x
2026-04-09 06:52:07 [INFO] coin_scanner           FARTCOIN/USDT:USDT | score=5.1 | ADX=51.6 | ATR%=2.32% | VolRatio=3.1x
2026-04-09 06:52:07 [INFO] coin_scanner           MAGMA/USDT:USDT | score=4.5 | ADX=49.9 | ATR%=2.87% | VolRatio=1.5x
2026-04-09 06:52:07 [INFO] coin_scanner           PARTI/USDT:USDT | score=3.7 | ADX=30.7 | ATR%=1.57% | VolRatio=10.8x
2026-04-09 06:52:07 [INFO] coin_scanner           RAVE/USDT:USDT  | score=3.3 | ADX=47.6 | ATR%=2.10% | VolRatio=1.4x
2026-04-09 06:52:07 [INFO] coin_scanner           BEAT/USDT:USDT  | score=2.7 | ADX=26.2 | ATR%=3.62% | VolRatio=1.4x
2026-04-09 06:52:07 [INFO] coin_scanner           MAV/USDT:USDT   | score=2.5 | ADX=32.3 | ATR%=2.78% | VolRatio=2.1x
2026-04-09 06:52:07 [INFO] coin_scanner           USELESS/USDT:USDT | score=1.9 | ADX=33.5 | ATR%=2.23% | VolRatio=1.3x
2026-04-09 06:52:07 [INFO] coin_scanner           PIXEL/USDT:USDT | score=1.8 | ADX=39.6 | ATR%=1.64% | VolRatio=1.2x
2026-04-09 06:52:07 [INFO] coin_scanner           US/USDT:USDT    | score=1.4 | ADX=35.1 | ATR%=1.70% | VolRatio=1.6x
2026-04-09 06:52:07 [INFO] main                 스캔 완료: 10개 후보
2026-04-09 06:52:07 [INFO] main                 심볼 변경 감지  추가=['BEAT/USDT:USDT', 'USELESS/USDT:USDT', 'PIXEL/USDT:USDT', 'MAGMA/USDT:USDT']  제거=['AIN/USDT:USDT', 'PORTAL/USDT:USDT', 'XAN/USDT:USDT', 'XMR/USDT:USDT']
2026-04-09 06:52:07 [INFO] data_fetcher         DataFetcher 종료 중...
2026-04-09 06:52:07 [WARNING] data_fetcher         WebSocket 닫힘 (code=None, msg=None)
2026-04-09 06:52:07 [INFO] data_fetcher         DataFetcher 종료 완료
2026-04-09 06:52:07 [INFO] data_fetcher         DataFetcher 시작
2026-04-09 06:52:07 [INFO] data_fetcher         초기 OHLCV 데이터 REST 로드 중...
2026-04-09 06:52:11 [INFO] data_fetcher         초기 데이터 로드 완료
2026-04-09 06:52:11 [INFO] data_fetcher         WebSocket 연결: wss://fstream.binance.com/stream?streams=ususdt@kline_15m/ususdt@kline_1h/mavusd...
2026-04-09 06:52:11 [INFO] data_fetcher         WebSocket 스레드 시작 완료
2026-04-09 06:52:11 [INFO] orderbook            OrderBookManager 종료
2026-04-09 06:52:11 [WARNING] orderbook            호가창 WebSocket 닫힘 (code=None)
2026-04-09 06:52:11 [INFO] orderbook            OrderBookManager 시작
2026-04-09 06:52:11 [INFO] orderbook            호가창 WebSocket 연결: wss://fstream.binance.com/stream?streams=ususdt@depth20@100ms/mavusdt@depth20@10...
2026-04-09 06:52:11 [INFO] main                 피드 시작: 10개 심볼  ['15m', '1h']
2026-04-09 06:52:11 [INFO] data_fetcher         WebSocket 연결 성공
2026-04-09 06:52:11 [INFO] orderbook            호가창 WebSocket 연결 성공
2026-04-09 06:56:41 [INFO] main                 정기 스캔 시작...
2026-04-09 06:56:41 [ERROR] order_executor       잔고 조회 실패: binanceusdm testnet/sandbox mode is not supported for futures anymore, please check the deprecation announcement https://t.me/ccxt_announcements/92 and consider using the demo trading instead.
2026-04-09 06:56:41 [INFO] coin_scanner         === 코인 스캔 시작 ===
2026-04-09 06:56:41 [INFO] coin_scanner         전체 티커 조회 중...
2026-04-09 06:56:41 [INFO] coin_scanner         티커 심볼 샘플: ['SOL/USDC:USDC', 'GMX/USDT:USDT', 'CHILLGUY/USDT:USDT', 'GPS/USDT:USDT', 'NKN/USDT:USDT']
2026-04-09 06:56:41 [INFO] coin_scanner         거래대금 필터 통과: 509개
2026-04-09 06:56:44 [WARNING] coin_scanner         [JCT/USDT:USDT] 429 감지 — 5초 대기 (연속 1회)
2026-04-09 06:56:51 [WARNING] coin_scanner         [PONKE/USDT:USDT] 429 감지 — 5초 대기 (연속 1회)
2026-04-09 06:56:59 [INFO] coin_scanner         [DEBUG] ETHW/USDT:USDT  ADX=33.3  ATR%=0.93%  VolRatio=0.64x  → 통과=False
2026-04-09 06:57:25 [WARNING] coin_scanner         [MANTA/USDT:USDT] 429 감지 — 5초 대기 (연속 1회)
2026-04-09 06:57:32 [WARNING] coin_scanner         [JASMY/USDT:USDT] 429 감지 — 5초 대기 (연속 1회)
2026-04-09 06:57:38 [WARNING] coin_scanner         [A/USDT:USDT] 429 감지 — 5초 대기 (연속 1회)
2026-04-09 06:57:50 [WARNING] coin_scanner         [CAKE/USDT:USDT] 429 감지 — 5초 대기 (연속 1회)
2026-04-09 06:57:57 [WARNING] coin_scanner         [RAVE/USDT:USDT] 429 감지 — 5초 대기 (연속 1회)
2026-04-09 06:58:12 [INFO] coin_scanner         [DEBUG] ETHFI/USDT:USDT  ADX=31.1  ATR%=0.98%  VolRatio=0.70x  → 통과=False
2026-04-09 06:58:39 [WARNING] coin_scanner         [GMT/USDT:USDT] 429 감지 — 5초 대기 (연속 1회)
2026-04-09 06:58:44 [WARNING] coin_scanner         [ACE/USDT:USDT] 429 감지 — 10초 대기 (연속 2회)
2026-04-09 06:59:38 [INFO] coin_scanner         [DEBUG] PUMPBTC/USDT:USDT  ADX=26.5  ATR%=1.26%  VolRatio=0.00x  → 통과=False
2026-04-09 06:59:39 [WARNING] coin_scanner         [QTUM/USDT:USDT] 429 감지 — 5초 대기 (연속 1회)
2026-04-09 06:59:46 [WARNING] coin_scanner         [FARTCOIN/USDT:USDT] 429 감지 — 5초 대기 (연속 1회)
2026-04-09 07:00:44 [WARNING] coin_scanner         [LUMIA/USDT:USDT] 429 감지 — 5초 대기 (연속 1회)
2026-04-09 07:01:07 [INFO] coin_scanner         [DEBUG] BTC/USDT:USDT  ADX=42.1  ATR%=0.59%  VolRatio=0.89x  → 통과=False
2026-04-09 07:01:17 [INFO] coin_scanner         [DEBUG] ETH/USDT:USDT  ADX=30.5  ATR%=0.81%  VolRatio=1.02x  → 통과=False
2026-04-09 07:01:39 [WARNING] coin_scanner         [PORTAL/USDT:USDT] 429 감지 — 5초 대기 (연속 1회)
2026-04-09 07:01:41 [WARNING] apscheduler.scheduler Execution of job "코인 스캔 (trigger: interval[0:05:00], next run at: 2026-04-09 07:01:41 KST)" skipped: maximum number of running instances reached (1)
2026-04-09 07:01:41 [ERROR] order_executor       잔고 조회 실패: binanceusdm testnet/sandbox mode is not supported for futures anymore, please check the deprecation announcement https://t.me/ccxt_announcements/92 and consider using the demo trading instead.
2026-04-09 07:01:49 [INFO] coin_scanner         [DEBUG] BTCDOM/USDT:USDT  ADX=56.7  ATR%=0.62%  VolRatio=0.24x  → 통과=False
2026-04-09 07:01:52 [WARNING] coin_scanner         [FLUID/USDT:USDT] 429 감지 — 5초 대기 (연속 1회)
2026-04-09 07:02:48 [INFO] coin_scanner         === 스캔 완료: 최종 후보 10개 ===
2026-04-09 07:02:48 [INFO] coin_scanner           ENJ/USDT:USDT   | score=6.6 | ADX=64.8 | ATR%=3.65% | VolRatio=1.6x
2026-04-09 07:02:48 [INFO] coin_scanner           HIPPO/USDT:USDT | score=6.1 | ADX=52.1 | ATR%=7.97% | VolRatio=1.2x
2026-04-09 07:02:48 [INFO] coin_scanner           1000WHY/USDT:USDT | score=5.1 | ADX=43.2 | ATR%=6.09% | VolRatio=1.3x
2026-04-09 07:02:48 [INFO] coin_scanner           GUN/USDT:USDT   | score=4.4 | ADX=51.3 | ATR%=2.57% | VolRatio=2.1x
2026-04-09 07:02:48 [INFO] coin_scanner           COMP/USDT:USDT  | score=4.2 | ADX=70.9 | ATR%=1.66% | VolRatio=1.3x
2026-04-09 07:02:48 [INFO] coin_scanner           LAB/USDT:USDT   | score=4.1 | ADX=34.6 | ATR%=8.16% | VolRatio=1.5x
2026-04-09 07:02:48 [INFO] coin_scanner           JOE/USDT:USDT   | score=3.4 | ADX=28.5 | ATR%=5.58% | VolRatio=1.3x
2026-04-09 07:02:48 [INFO] coin_scanner           DAM/USDT:USDT   | score=3.1 | ADX=42.7 | ATR%=2.41% | VolRatio=1.2x
2026-04-09 07:02:48 [INFO] coin_scanner           BEAT/USDT:USDT  | score=2.7 | ADX=26.2 | ATR%=3.65% | VolRatio=1.6x
2026-04-09 07:02:48 [INFO] coin_scanner           MAV/USDT:USDT   | score=2.5 | ADX=32.3 | ATR%=2.79% | VolRatio=2.1x
2026-04-09 07:02:48 [INFO] main                 스캔 완료: 10개 후보
2026-04-09 07:02:48 [INFO] main                 심볼 변경 감지  추가=['LAB/USDT:USDT', 'DAM/USDT:USDT', 'JOE/USDT:USDT', 'HIPPO/USDT:USDT', 'GUN/USDT:USDT', 'COMP/USDT:USDT', '1000WHY/USDT:USDT']  제거=['US/USDT:USDT', 'FARTCOIN/USDT:USDT', 'RAVE/USDT:USDT', 'PIXEL/USDT:USDT', 'MAGMA/USDT:USDT', 'USELESS/USDT:USDT', 'PARTI/USDT:USDT']
2026-04-09 07:02:48 [INFO] data_fetcher         DataFetcher 종료 중...
2026-04-09 07:02:48 [WARNING] data_fetcher         WebSocket 닫힘 (code=None, msg=None)
2026-04-09 07:02:48 [INFO] data_fetcher         DataFetcher 종료 완료
2026-04-09 07:02:48 [INFO] data_fetcher         DataFetcher 시작
2026-04-09 07:02:48 [INFO] data_fetcher         초기 OHLCV 데이터 REST 로드 중...
2026-04-09 07:02:50 [ERROR] data_fetcher         초기 로드 실패 [1000WHY/USDT:USDT 1h]: binanceusdm 429 Too Many Requests {"code":-1003,"msg":"Too many requests; current limit of IP(15.158.3.42) is 6000 requests per minute. Please use the websocket for live updates to avoid polling the API."}
2026-04-09 07:02:51 [INFO] data_fetcher         초기 데이터 로드 완료
2026-04-09 07:02:51 [INFO] data_fetcher         WebSocket 연결: wss://fstream.binance.com/stream?streams=labusdt@kline_15m/labusdt@kline_1h/damu...
2026-04-09 07:02:51 [INFO] data_fetcher         WebSocket 스레드 시작 완료
2026-04-09 07:02:51 [INFO] orderbook            OrderBookManager 종료
2026-04-09 07:02:51 [WARNING] orderbook            호가창 WebSocket 닫힘 (code=None)
2026-04-09 07:02:51 [INFO] orderbook            OrderBookManager 시작
2026-04-09 07:02:51 [INFO] data_fetcher         WebSocket 연결 성공
2026-04-09 07:02:51 [INFO] orderbook            호가창 WebSocket 연결: wss://fstream.binance.com/stream?streams=labusdt@depth20@100ms/damusdt@depth20@1...
2026-04-09 07:02:51 [INFO] main                 피드 시작: 10개 심볼  ['15m', '1h']
2026-04-09 07:02:52 [INFO] orderbook            호가창 WebSocket 연결 성공
2026-04-09 07:06:41 [INFO] main                 정기 스캔 시작...
2026-04-09 07:06:41 [ERROR] order_executor       잔고 조회 실패: binanceusdm testnet/sandbox mode is not supported for futures anymore, please check the deprecation announcement https://t.me/ccxt_announcements/92 and consider using the demo trading instead.
2026-04-09 07:06:41 [INFO] coin_scanner         === 코인 스캔 시작 ===
2026-04-09 07:06:41 [INFO] coin_scanner         전체 티커 조회 중...
2026-04-09 07:06:41 [INFO] coin_scanner         티커 심볼 샘플: ['SSV/USDT:USDT', 'FLOW/USDT:USDT', 'VELODROME/USDT:USDT', 'FIO/USDT:USDT', 'AUCTION/USDT:USDT']
2026-04-09 07:06:41 [INFO] coin_scanner         거래대금 필터 통과: 509개
2026-04-09 07:07:37 [INFO] coin_scanner         [DEBUG] ETHFI/USDT:USDT  ADX=31.3  ATR%=0.94%  VolRatio=0.84x  → 통과=False
2026-04-09 07:07:58 [INFO] coin_scanner         [DEBUG] BTC/USDT:USDT  ADX=37.0  ATR%=0.56%  VolRatio=0.13x  → 통과=False
2026-04-09 07:07:59 [WARNING] coin_scanner         [WIF/USDT:USDT] 429 감지 — 5초 대기 (연속 1회)
2026-04-09 07:08:51 [INFO] coin_scanner         [DEBUG] ETHW/USDT:USDT  ADX=24.9  ATR%=0.93%  VolRatio=0.24x  → 통과=False
2026-04-09 07:09:46 [WARNING] coin_scanner         [T/USDT:USDT] 429 감지 — 5초 대기 (연속 1회)
2026-04-09 07:10:25 [INFO] coin_scanner         [DEBUG] ETH/USDT:USDT  ADX=24.1  ATR%=0.77%  VolRatio=0.14x  → 통과=False
2026-04-09 07:10:33 [INFO] coin_scanner         [DEBUG] PUMPBTC/USDT:USDT  ADX=29.6  ATR%=1.22%  VolRatio=0.02x  → 통과=False
2026-04-09 07:10:47 [WARNING] coin_scanner         [HIGH/USDT:USDT] 429 감지 — 5초 대기 (연속 1회)
2026-04-09 07:11:40 [INFO] coin_scanner         [DEBUG] BTCDOM/USDT:USDT  ADX=55.4  ATR%=0.59%  VolRatio=0.00x  → 통과=False
2026-04-09 07:11:41 [WARNING] apscheduler.scheduler Execution of job "코인 스캔 (trigger: interval[0:05:00], next run at: 2026-04-09 07:11:41 KST)" skipped: maximum number of running instances reached (1)
2026-04-09 07:11:41 [ERROR] order_executor       잔고 조회 실패: binanceusdm testnet/sandbox mode is not supported for futures anymore, please check the deprecation announcement https://t.me/ccxt_announcements/92 and consider using the demo trading instead.
2026-04-09 07:11:48 [WARNING] coin_scanner         [BMT/USDT:USDT] 429 감지 — 5초 대기 (연속 1회)
2026-04-09 07:12:00 [INFO] coin_scanner         === 스캔 완료: 최종 후보 0개 ===
2026-04-09 07:12:00 [INFO] main                 스캔 완료: 0개 후보
2026-04-09 07:16:41 [INFO] main                 정기 스캔 시작...
2026-04-09 07:16:41 [ERROR] order_executor       잔고 조회 실패: binanceusdm testnet/sandbox mode is not supported for futures anymore, please check the deprecation announcement https://t.me/ccxt_announcements/92 and consider using the demo trading instead.
2026-04-09 07:16:41 [INFO] coin_scanner         === 코인 스캔 시작 ===
2026-04-09 07:16:41 [INFO] coin_scanner         전체 티커 조회 중...
2026-04-09 07:16:41 [INFO] coin_scanner         티커 심볼 샘플: ['ARB/USDC:USDC', 'BTCUSDT_231229', 'FHE/USDT:USDT', 'QNT/USDT:USDT', 'TRUMP/USDC:USDC']
2026-04-09 07:16:41 [INFO] coin_scanner         거래대금 필터 통과: 509개
2026-04-09 07:16:43 [INFO] coin_scanner         [DEBUG] ETHW/USDT:USDT  ADX=24.9  ATR%=0.93%  VolRatio=0.24x  → 통과=False
2026-04-09 07:16:54 [INFO] coin_scanner         [DEBUG] BTCDOM/USDT:USDT  ADX=55.4  ATR%=0.59%  VolRatio=0.00x  → 통과=False
2026-04-09 07:17:32 [INFO] coin_scanner         [DEBUG] ETHFI/USDT:USDT  ADX=31.4  ATR%=0.95%  VolRatio=0.96x  → 통과=False
2026-04-09 07:17:36 [INFO] coin_scanner         [DEBUG] BTC/USDT:USDT  ADX=37.0  ATR%=0.56%  VolRatio=0.22x  → 통과=False
2026-04-09 07:17:45 [WARNING] coin_scanner         [SLP/USDT:USDT] 429 감지 — 5초 대기 (연속 1회)
2026-04-09 07:18:42 [WARNING] coin_scanner         [MITO/USDT:USDT] 429 감지 — 5초 대기 (연속 1회)
2026-04-09 07:20:39 [INFO] coin_scanner         [DEBUG] PUMPBTC/USDT:USDT  ADX=30.1  ATR%=1.29%  VolRatio=0.69x  → 통과=False
2026-04-09 07:20:48 [INFO] coin_scanner         [DEBUG] ETH/USDT:USDT  ADX=24.0  ATR%=0.79%  VolRatio=0.39x  → 통과=False
2026-04-09 07:21:41 [WARNING] apscheduler.scheduler Execution of job "코인 스캔 (trigger: interval[0:05:00], next run at: 2026-04-09 07:21:41 KST)" skipped: maximum number of running instances reached (1)
2026-04-09 07:21:41 [ERROR] order_executor       잔고 조회 실패: binanceusdm testnet/sandbox mode is not supported for futures anymore, please check the deprecation announcement https://t.me/ccxt_announcements/92 and consider using the demo trading instead.
2026-04-09 07:21:53 [INFO] coin_scanner         === 스캔 완료: 최종 후보 1개 ===
2026-04-09 07:21:53 [INFO] coin_scanner           XMR/USDT:USDT   | score=0.6 | ADX=27.9 | ATR%=1.69% | VolRatio=1.3x
2026-04-09 07:21:53 [INFO] main                 스캔 완료: 1개 후보
2026-04-09 07:21:53 [INFO] main                 심볼 변경 감지  추가=['XMR/USDT:USDT']  제거=['LAB/USDT:USDT', 'DAM/USDT:USDT', 'JOE/USDT:USDT', 'HIPPO/USDT:USDT', 'MAV/USDT:USDT', 'GUN/USDT:USDT', 'COMP/USDT:USDT', '1000WHY/USDT:USDT', 'BEAT/USDT:USDT', 'ENJ/USDT:USDT']
2026-04-09 07:21:53 [INFO] data_fetcher         DataFetcher 종료 중...
2026-04-09 07:21:53 [WARNING] data_fetcher         WebSocket 닫힘 (code=None, msg=None)
2026-04-09 07:21:53 [INFO] data_fetcher         DataFetcher 종료 완료
2026-04-09 07:21:53 [INFO] data_fetcher         DataFetcher 시작
2026-04-09 07:21:53 [INFO] data_fetcher         초기 OHLCV 데이터 REST 로드 중...
2026-04-09 07:21:53 [ERROR] data_fetcher         초기 로드 실패 [XMR/USDT:USDT 15m]: binanceusdm 429 Too Many Requests {"code":-1003,"msg":"Too many requests; current limit of IP(15.158.3.8) is 6000 requests per minute. Please use the websocket for live updates to avoid polling the API."}
2026-04-09 07:21:53 [INFO] data_fetcher         초기 데이터 로드 완료
2026-04-09 07:21:53 [INFO] data_fetcher         WebSocket 연결: wss://fstream.binance.com/stream?streams=xmrusdt@kline_15m/xmrusdt@kline_1h...
2026-04-09 07:21:53 [INFO] data_fetcher         WebSocket 스레드 시작 완료
2026-04-09 07:21:53 [INFO] orderbook            OrderBookManager 종료
2026-04-09 07:21:53 [WARNING] orderbook            호가창 WebSocket 닫힘 (code=None)
2026-04-09 07:21:53 [INFO] orderbook            OrderBookManager 시작
2026-04-09 07:21:53 [INFO] orderbook            호가창 WebSocket 연결: wss://fstream.binance.com/stream?streams=xmrusdt@depth20@100ms...
2026-04-09 07:21:53 [INFO] main                 피드 시작: 1개 심볼  ['15m', '1h']
2026-04-09 07:21:54 [INFO] data_fetcher         WebSocket 연결 성공
2026-04-09 07:21:54 [INFO] orderbook            호가창 WebSocket 연결 성공
2026-04-09 07:26:41 [INFO] main                 정기 스캔 시작...
2026-04-09 07:26:41 [ERROR] order_executor       잔고 조회 실패: binanceusdm testnet/sandbox mode is not supported for futures anymore, please check the deprecation announcement https://t.me/ccxt_announcements/92 and consider using the demo trading instead.
2026-04-09 07:26:41 [INFO] coin_scanner         === 코인 스캔 시작 ===
2026-04-09 07:26:41 [INFO] coin_scanner         전체 티커 조회 중...
2026-04-09 07:26:41 [INFO] coin_scanner         티커 심볼 샘플: ['GLM/USDT:USDT', 'RAYSOL/USDT:USDT', 'JELLYJELLY/USDT:USDT', 'ETHUSDT_231229', 'TAIKO/USDT:USDT']
2026-04-09 07:26:41 [INFO] coin_scanner         거래대금 필터 통과: 509개
2026-04-09 07:26:41 [WARNING] coin_scanner         [GLM/USDT:USDT] 429 감지 — 5초 대기 (연속 1회)
2026-04-09 07:27:24 [INFO] coin_scanner         [DEBUG] ETH/USDT:USDT  ADX=24.2  ATR%=0.80%  VolRatio=0.52x  → 통과=False
2026-04-09 07:27:26 [INFO] coin_scanner         [DEBUG] PUMPBTC/USDT:USDT  ADX=30.1  ATR%=1.29%  VolRatio=0.69x  → 통과=False
2026-04-09 07:27:45 [INFO] coin_scanner         [DEBUG] BTC/USDT:USDT  ADX=37.0  ATR%=0.57%  VolRatio=0.49x  → 통과=False
2026-04-09 07:28:09 [INFO] coin_scanner         [DEBUG] BTCDOM/USDT:USDT  ADX=55.2  ATR%=0.59%  VolRatio=0.00x  → 통과=False
2026-04-09 07:28:59 [INFO] coin_scanner         [DEBUG] ETHFI/USDT:USDT  ADX=31.4  ATR%=0.95%  VolRatio=1.18x  → 통과=False
2026-04-09 07:30:07 [INFO] coin_scanner         [DEBUG] ETHW/USDT:USDT  ADX=24.7  ATR%=0.96%  VolRatio=0.24x  → 통과=False
2026-04-09 07:30:51 [WARNING] coin_scanner         [BLUR/USDT:USDT] 429 감지 — 5초 대기 (연속 1회)
2026-04-09 07:31:37 [WARNING] coin_scanner         [FIO/USDT:USDT] 429 감지 — 5초 대기 (연속 1회)
2026-04-09 07:31:41 [WARNING] apscheduler.scheduler Execution of job "코인 스캔 (trigger: interval[0:05:00], next run at: 2026-04-09 07:31:41 KST)" skipped: maximum number of running instances reached (1)
2026-04-09 07:31:41 [ERROR] order_executor       잔고 조회 실패: binanceusdm testnet/sandbox mode is not supported for futures anymore, please check the deprecation announcement https://t.me/ccxt_announcements/92 and consider using the demo trading instead.
2026-04-09 07:31:42 [WARNING] coin_scanner         [GMX/USDT:USDT] 429 감지 — 5초 대기 (연속 1회)
2026-04-09 07:31:57 [INFO] coin_scanner         === 스캔 완료: 최종 후보 4개 ===
2026-04-09 07:31:57 [INFO] coin_scanner           FARTCOIN/USDT:USDT | score=3.5 | ADX=45.4 | ATR%=2.51% | VolRatio=2.0x
2026-04-09 07:31:57 [INFO] coin_scanner           XAN/USDT:USDT   | score=1.3 | ADX=29.1 | ATR%=2.19% | VolRatio=1.4x
2026-04-09 07:31:57 [INFO] coin_scanner           XMR/USDT:USDT   | score=0.6 | ADX=27.9 | ATR%=1.73% | VolRatio=1.8x
2026-04-09 07:31:57 [INFO] coin_scanner           PARTI/USDT:USDT | score=0.5 | ADX=28.3 | ATR%=1.58% | VolRatio=1.9x
2026-04-09 07:31:57 [INFO] main                 스캔 완료: 4개 후보
2026-04-09 07:31:57 [INFO] main                 심볼 변경 감지  추가=['FARTCOIN/USDT:USDT', 'XAN/USDT:USDT', 'PARTI/USDT:USDT']  제거=[]
2026-04-09 07:31:57 [INFO] data_fetcher         DataFetcher 종료 중...
2026-04-09 07:31:57 [WARNING] data_fetcher         WebSocket 닫힘 (code=None, msg=None)
2026-04-09 07:31:57 [INFO] data_fetcher         DataFetcher 종료 완료
2026-04-09 07:31:57 [INFO] data_fetcher         DataFetcher 시작
2026-04-09 07:31:57 [INFO] data_fetcher         초기 OHLCV 데이터 REST 로드 중...
2026-04-09 07:31:58 [INFO] data_fetcher         초기 데이터 로드 완료
2026-04-09 07:31:58 [INFO] data_fetcher         WebSocket 연결: wss://fstream.binance.com/stream?streams=xmrusdt@kline_15m/xmrusdt@kline_1h/xanu...
2026-04-09 07:31:58 [INFO] data_fetcher         WebSocket 스레드 시작 완료
2026-04-09 07:31:58 [INFO] orderbook            OrderBookManager 종료
2026-04-09 07:31:58 [WARNING] orderbook            호가창 WebSocket 닫힘 (code=None)
2026-04-09 07:31:59 [INFO] orderbook            OrderBookManager 시작
2026-04-09 07:31:59 [INFO] orderbook            호가창 WebSocket 연결: wss://fstream.binance.com/stream?streams=xmrusdt@depth20@100ms/xanusdt@depth20@1...
2026-04-09 07:31:59 [INFO] main                 피드 시작: 4개 심볼  ['15m', '1h']
2026-04-09 07:31:59 [INFO] data_fetcher         WebSocket 연결 성공
2026-04-09 07:31:59 [INFO] orderbook            호가창 WebSocket 연결 성공
2026-04-09 07:36:41 [INFO] main                 정기 스캔 시작...
2026-04-09 07:36:41 [ERROR] order_executor       잔고 조회 실패: binanceusdm testnet/sandbox mode is not supported for futures anymore, please check the deprecation announcement https://t.me/ccxt_announcements/92 and consider using the demo trading instead.
2026-04-09 07:36:41 [INFO] coin_scanner         === 코인 스캔 시작 ===
2026-04-09 07:36:41 [INFO] coin_scanner         전체 티커 조회 중...
2026-04-09 07:36:41 [INFO] coin_scanner         티커 심볼 샘플: ['TREE/USDT:USDT', 'CTSI/USDT:USDT', 'PUNDIX/USDT:USDT', 'ATOM/USDT:USDT', 'SIREN/USDT:USDT']
2026-04-09 07:36:41 [INFO] coin_scanner         거래대금 필터 통과: 509개
2026-04-09 07:36:51 [WARNING] coin_scanner         [FUN/USDT:USDT] 429 감지 — 5초 대기 (연속 1회)
2026-04-09 07:37:42 [WARNING] coin_scanner         [TSLA/USDT:USDT] 429 감지 — 5초 대기 (연속 1회)
2026-04-09 07:38:20 [INFO] coin_scanner         [DEBUG] BTCDOM/USDT:USDT  ADX=55.0  ATR%=0.60%  VolRatio=0.00x  → 통과=False
2026-04-09 07:38:59 [INFO] coin_scanner         [DEBUG] ETHW/USDT:USDT  ADX=24.6  ATR%=0.96%  VolRatio=0.24x  → 통과=False
2026-04-09 07:40:21 [INFO] coin_scanner         [DEBUG] ETHFI/USDT:USDT  ADX=31.4  ATR%=0.95%  VolRatio=1.36x  → 통과=False
2026-04-09 07:40:34 [INFO] coin_scanner         [DEBUG] ETH/USDT:USDT  ADX=24.7  ATR%=0.83%  VolRatio=0.80x  → 통과=False
2026-04-09 07:40:36 [WARNING] coin_scanner         [ID/USDT:USDT] 429 감지 — 5초 대기 (연속 1회)
2026-04-09 07:40:53 [WARNING] coin_scanner         [NIL/USDT:USDT] 429 감지 — 5초 대기 (연속 1회)
2026-04-09 07:41:05 [INFO] coin_scanner         [DEBUG] BTC/USDT:USDT  ADX=36.8  ATR%=0.58%  VolRatio=0.87x  → 통과=False
2026-04-09 07:41:16 [INFO] coin_scanner         [DEBUG] PUMPBTC/USDT:USDT  ADX=30.1  ATR%=1.29%  VolRatio=0.74x  → 통과=False
2026-04-09 07:41:41 [WARNING] apscheduler.scheduler Execution of job "코인 스캔 (trigger: interval[0:05:00], next run at: 2026-04-09 07:41:41 KST)" skipped: maximum number of running instances reached (1)
2026-04-09 07:41:41 [ERROR] order_executor       잔고 조회 실패: binanceusdm testnet/sandbox mode is not supported for futures anymore, please check the deprecation announcement https://t.me/ccxt_announcements/92 and consider using the demo trading instead.
2026-04-09 07:41:51 [WARNING] coin_scanner         [AAVE/USDT:USDT] 429 감지 — 5초 대기 (연속 1회)
2026-04-09 07:41:58 [WARNING] coin_scanner         [A/USDT:USDT] 429 감지 — 5초 대기 (연속 1회)
2026-04-09 07:42:10 [INFO] coin_scanner         === 스캔 완료: 최종 후보 6개 ===
2026-04-09 07:42:10 [INFO] coin_scanner           FARTCOIN/USDT:USDT | score=4.6 | ADX=45.8 | ATR%=2.63% | VolRatio=2.9x
2026-04-09 07:42:10 [INFO] coin_scanner           XAN/USDT:USDT   | score=1.3 | ADX=29.1 | ATR%=2.21% | VolRatio=1.7x
2026-04-09 07:42:10 [INFO] coin_scanner           USELESS/USDT:USDT | score=1.1 | ADX=26.9 | ATR%=2.23% | VolRatio=1.7x
2026-04-09 07:42:10 [INFO] coin_scanner           XMR/USDT:USDT   | score=0.6 | ADX=27.9 | ATR%=1.75% | VolRatio=2.0x
2026-04-09 07:42:10 [INFO] coin_scanner           PARTI/USDT:USDT | score=0.5 | ADX=28.3 | ATR%=1.59% | VolRatio=2.0x
2026-04-09 07:42:10 [INFO] coin_scanner           SPACE/USDT:USDT | score=0.5 | ADX=28.7 | ATR%=1.54% | VolRatio=1.4x
2026-04-09 07:42:10 [INFO] main                 스캔 완료: 6개 후보
2026-04-09 07:42:10 [INFO] main                 심볼 변경 감지  추가=['SPACE/USDT:USDT', 'USELESS/USDT:USDT']  제거=[]
2026-04-09 07:42:10 [INFO] data_fetcher         DataFetcher 종료 중...
2026-04-09 07:42:11 [WARNING] data_fetcher         WebSocket 닫힘 (code=None, msg=None)
2026-04-09 07:42:11 [INFO] data_fetcher         DataFetcher 종료 완료
2026-04-09 07:42:11 [INFO] data_fetcher         DataFetcher 시작
2026-04-09 07:42:11 [INFO] data_fetcher         초기 OHLCV 데이터 REST 로드 중...
2026-04-09 07:42:13 [INFO] data_fetcher         초기 데이터 로드 완료
2026-04-09 07:42:13 [INFO] data_fetcher         WebSocket 연결: wss://fstream.binance.com/stream?streams=xmrusdt@kline_15m/xmrusdt@kline_1h/fart...
2026-04-09 07:42:13 [INFO] data_fetcher         WebSocket 스레드 시작 완료
2026-04-09 07:42:13 [INFO] orderbook            OrderBookManager 종료
2026-04-09 07:42:13 [WARNING] orderbook            호가창 WebSocket 닫힘 (code=None)
2026-04-09 07:42:13 [INFO] orderbook            OrderBookManager 시작
2026-04-09 07:42:13 [INFO] orderbook            호가창 WebSocket 연결: wss://fstream.binance.com/stream?streams=xmrusdt@depth20@100ms/fartcoinusdt@dept...
2026-04-09 07:42:13 [INFO] main                 피드 시작: 6개 심볼  ['15m', '1h']
2026-04-09 07:42:13 [INFO] data_fetcher         WebSocket 연결 성공
2026-04-09 07:42:13 [INFO] orderbook            호가창 WebSocket 연결 성공
2026-04-09 07:46:41 [INFO] main                 정기 스캔 시작...
2026-04-09 07:46:41 [ERROR] order_executor       잔고 조회 실패: binanceusdm testnet/sandbox mode is not supported for futures anymore, please check the deprecation announcement https://t.me/ccxt_announcements/92 and consider using the demo trading instead.
2026-04-09 07:46:41 [INFO] coin_scanner         === 코인 스캔 시작 ===
2026-04-09 07:46:41 [INFO] coin_scanner         전체 티커 조회 중...
2026-04-09 07:46:41 [INFO] coin_scanner         티커 심볼 샘플: ['PUNDIX/USDT:USDT', 'ILV/USDT:USDT', 'SNX/USDT:USDT', 'XVS/USDT:USDT', 'BICO/USDT:USDT']
2026-04-09 07:46:41 [INFO] coin_scanner         거래대금 필터 통과: 506개
2026-04-09 07:47:34 [INFO] coin_scanner         [DEBUG] ETH/USDT:USDT  ADX=24.7  ATR%=0.83%  VolRatio=0.88x  → 통과=False
2026-04-09 07:47:42 [WARNING] coin_scanner         [TRB/USDT:USDT] 429 감지 — 5초 대기 (연속 1회)
2026-04-09 07:47:57 [WARNING] coin_scanner         [CELR/USDT:USDT] 429 감지 — 5초 대기 (연속 1회)
2026-04-09 07:48:18 [INFO] coin_scanner         [DEBUG] ETHFI/USDT:USDT  ADX=31.4  ATR%=0.95%  VolRatio=1.53x  → 통과=False
2026-04-09 07:49:07 [INFO] coin_scanner         [DEBUG] ETHW/USDT:USDT  ADX=24.6  ATR%=0.96%  VolRatio=0.90x  → 통과=False
2026-04-09 07:49:19 [INFO] coin_scanner         [DEBUG] BTCDOM/USDT:USDT  ADX=55.0  ATR%=0.60%  VolRatio=0.01x  → 통과=False
2026-04-09 07:49:42 [INFO] coin_scanner         [DEBUG] BTC/USDT:USDT  ADX=36.7  ATR%=0.58%  VolRatio=1.04x  → 통과=False
2026-04-09 07:49:44 [INFO] coin_scanner         [DEBUG] PUMPBTC/USDT:USDT  ADX=30.1  ATR%=1.29%  VolRatio=0.90x  → 통과=False
2026-04-09 07:49:53 [WARNING] coin_scanner         [COOKIE/USDT:USDT] 429 감지 — 5초 대기 (연속 1회)
2026-04-09 07:50:32 [WARNING] coin_scanner         [OXT/USDT:USDT] 429 감지 — 5초 대기 (연속 1회)
2026-04-09 07:50:45 [WARNING] coin_scanner         [ZEREBRO/USDT:USDT] 429 감지 — 5초 대기 (연속 1회)
2026-04-09 07:51:35 [WARNING] coin_scanner         [MERL/USDT:USDT] 429 감지 — 5초 대기 (연속 1회)
2026-04-09 07:51:41 [WARNING] apscheduler.scheduler Execution of job "코인 스캔 (trigger: interval[0:05:00], next run at: 2026-04-09 07:51:41 KST)" skipped: maximum number of running instances reached (1)
2026-04-09 07:51:41 [ERROR] order_executor       잔고 조회 실패: binanceusdm testnet/sandbox mode is not supported for futures anymore, please check the deprecation announcement https://t.me/ccxt_announcements/92 and consider using the demo trading instead.
2026-04-09 07:51:46 [WARNING] coin_scanner         [ALPINE/USDT:USDT] 429 감지 — 5초 대기 (연속 1회)
2026-04-09 07:52:00 [WARNING] coin_scanner         [B/USDT:USDT] 429 감지 — 5초 대기 (연속 1회)
2026-04-09 07:52:17 [INFO] coin_scanner         === 스캔 완료: 최종 후보 7개 ===
2026-04-09 07:52:17 [INFO] coin_scanner           FARTCOIN/USDT:USDT | score=6.0 | ADX=45.9 | ATR%=2.72% | VolRatio=4.2x
2026-04-09 07:52:17 [INFO] coin_scanner           Q/USDT:USDT     | score=2.2 | ADX=39.8 | ATR%=1.95% | VolRatio=1.4x
2026-04-09 07:52:17 [INFO] coin_scanner           XAN/USDT:USDT   | score=1.4 | ADX=29.1 | ATR%=2.24% | VolRatio=2.0x
2026-04-09 07:52:17 [INFO] coin_scanner           USELESS/USDT:USDT | score=1.2 | ADX=27.3 | ATR%=2.29% | VolRatio=2.0x
2026-04-09 07:52:17 [INFO] coin_scanner           XMR/USDT:USDT   | score=0.8 | ADX=27.9 | ATR%=1.76% | VolRatio=2.1x
2026-04-09 07:52:17 [INFO] coin_scanner           PARTI/USDT:USDT | score=0.7 | ADX=28.3 | ATR%=1.62% | VolRatio=2.2x
2026-04-09 07:52:17 [INFO] coin_scanner           SPACE/USDT:USDT | score=0.5 | ADX=28.7 | ATR%=1.54% | VolRatio=1.4x
2026-04-09 07:52:17 [INFO] main                 스캔 완료: 7개 후보
2026-04-09 07:52:17 [INFO] main                 심볼 변경 감지  추가=['Q/USDT:USDT']  제거=[]
2026-04-09 07:52:17 [INFO] data_fetcher         DataFetcher 종료 중...
2026-04-09 07:52:17 [WARNING] data_fetcher         WebSocket 닫힘 (code=None, msg=None)
2026-04-09 07:52:17 [INFO] data_fetcher         DataFetcher 종료 완료
2026-04-09 07:52:17 [INFO] data_fetcher         DataFetcher 시작
2026-04-09 07:52:17 [INFO] data_fetcher         초기 OHLCV 데이터 REST 로드 중...
2026-04-09 07:52:19 [INFO] data_fetcher         초기 데이터 로드 완료
2026-04-09 07:52:19 [INFO] data_fetcher         WebSocket 연결: wss://fstream.binance.com/stream?streams=qusdt@kline_15m/qusdt@kline_1h/xmrusdt@...
2026-04-09 07:52:19 [INFO] data_fetcher         WebSocket 스레드 시작 완료
2026-04-09 07:52:19 [INFO] orderbook            OrderBookManager 종료
2026-04-09 07:52:19 [WARNING] orderbook            호가창 WebSocket 닫힘 (code=None)
2026-04-09 07:52:20 [INFO] orderbook            OrderBookManager 시작
2026-04-09 07:52:20 [INFO] orderbook            호가창 WebSocket 연결: wss://fstream.binance.com/stream?streams=qusdt@depth20@100ms/xmrusdt@depth20@100...
2026-04-09 07:52:20 [INFO] main                 피드 시작: 7개 심볼  ['15m', '1h']
2026-04-09 07:52:20 [INFO] data_fetcher         WebSocket 연결 성공
2026-04-09 07:52:20 [INFO] orderbook            호가창 WebSocket 연결 성공
2026-04-09 07:56:41 [INFO] main                 정기 스캔 시작...
2026-04-09 07:56:41 [ERROR] order_executor       잔고 조회 실패: binanceusdm testnet/sandbox mode is not supported for futures anymore, please check the deprecation announcement https://t.me/ccxt_announcements/92 and consider using the demo trading instead.
2026-04-09 07:56:41 [INFO] coin_scanner         === 코인 스캔 시작 ===
2026-04-09 07:56:41 [INFO] coin_scanner         전체 티커 조회 중...
2026-04-09 07:56:41 [INFO] coin_scanner         티커 심볼 샘플: ['RESOLV/USDT:USDT', 'LINK/USDT:USDT', 'ADA/USDC:USDC', 'BEL/USDT:USDT', 'WIF/USDT:USDT']
2026-04-09 07:56:41 [INFO] coin_scanner         거래대금 필터 통과: 505개
2026-04-09 07:56:50 [WARNING] coin_scanner         [TAG/USDT:USDT] 429 감지 — 5초 대기 (연속 1회)
2026-04-09 07:57:26 [WARNING] coin_scanner         [PHA/USDT:USDT] 429 감지 — 5초 대기 (연속 1회)
2026-04-09 07:57:41 [WARNING] coin_scanner         [JUP/USDT:USDT] 429 감지 — 5초 대기 (연속 1회)
2026-04-09 07:57:50 [INFO] coin_scanner         [DEBUG] BTC/USDT:USDT  ADX=36.7  ATR%=0.58%  VolRatio=1.06x  → 통과=False
2026-04-09 07:58:02 [INFO] coin_scanner         [DEBUG] ETH/USDT:USDT  ADX=24.7  ATR%=0.84%  VolRatio=1.11x  → 통과=False
2026-04-09 07:58:14 [INFO] coin_scanner         [DEBUG] ETHFI/USDT:USDT  ADX=31.4  ATR%=0.95%  VolRatio=2.09x  → 통과=False
2026-04-09 07:58:15 [INFO] coin_scanner         [DEBUG] BTCDOM/USDT:USDT  ADX=55.0  ATR%=0.60%  VolRatio=0.01x  → 통과=False
2026-04-09 07:58:51 [WARNING] coin_scanner         [COOKIE/USDT:USDT] 429 감지 — 5초 대기 (연속 1회)
2026-04-09 07:59:30 [WARNING] coin_scanner         [MUBARAK/USDT:USDT] 429 감지 — 5초 대기 (연속 1회)
2026-04-09 07:59:40 [WARNING] coin_scanner         [ALICE/USDT:USDT] 429 감지 — 5초 대기 (연속 1회)
2026-04-09 07:59:46 [INFO] coin_scanner         [DEBUG] ETHW/USDT:USDT  ADX=24.6  ATR%=0.96%  VolRatio=1.47x  → 통과=False
2026-04-09 08:00:10 [INFO] coin_scanner         [DEBUG] PUMPBTC/USDT:USDT  ADX=30.1  ATR%=1.28%  VolRatio=1.18x  → 통과=False
2026-04-09 08:00:39 [WARNING] coin_scanner         [CELO/USDT:USDT] 429 감지 — 5초 대기 (연속 1회)
2026-04-09 08:00:44 [WARNING] coin_scanner         [BANANAS31/USDT:USDT] 429 감지 — 10초 대기 (연속 2회)
2026-04-09 08:01:29 [WARNING] coin_scanner         [SPX/USDT:USDT] 429 감지 — 5초 대기 (연속 1회)
2026-04-09 08:01:41 [WARNING] apscheduler.scheduler Execution of job "코인 스캔 (trigger: interval[0:05:00], next run at: 2026-04-09 08:01:41 KST)" skipped: maximum number of running instances reached (1)
2026-04-09 08:01:41 [ERROR] order_executor       잔고 조회 실패: binanceusdm testnet/sandbox mode is not supported for futures anymore, please check the deprecation announcement https://t.me/ccxt_announcements/92 and consider using the demo trading instead.
2026-04-09 08:02:23 [INFO] coin_scanner         === 스캔 완료: 최종 후보 10개 ===
2026-04-09 08:02:23 [INFO] coin_scanner           FARTCOIN/USDT:USDT | score=6.6 | ADX=46.0 | ATR%=2.78% | VolRatio=4.7x
2026-04-09 08:02:23 [INFO] coin_scanner           RAVE/USDT:USDT  | score=3.6 | ADX=49.8 | ATR%=2.15% | VolRatio=1.5x
2026-04-09 08:02:23 [INFO] coin_scanner           BR/USDT:USDT    | score=2.5 | ADX=33.1 | ATR%=2.78% | VolRatio=1.2x
2026-04-09 08:02:23 [INFO] coin_scanner           TA/USDT:USDT    | score=2.4 | ADX=46.1 | ATR%=1.51% | VolRatio=1.9x
2026-04-09 08:02:23 [INFO] coin_scanner           Q/USDT:USDT     | score=2.2 | ADX=39.8 | ATR%=1.96% | VolRatio=1.6x
2026-04-09 08:02:23 [INFO] coin_scanner           XAN/USDT:USDT   | score=1.9 | ADX=28.4 | ATR%=2.35% | VolRatio=2.5x
2026-04-09 08:02:23 [INFO] coin_scanner           USELESS/USDT:USDT | score=1.5 | ADX=27.4 | ATR%=2.33% | VolRatio=2.2x
2026-04-09 08:02:23 [INFO] coin_scanner           XMR/USDT:USDT   | score=1.1 | ADX=27.9 | ATR%=1.81% | VolRatio=2.4x
2026-04-09 08:02:23 [INFO] coin_scanner           PARTI/USDT:USDT | score=0.8 | ADX=28.3 | ATR%=1.65% | VolRatio=2.2x
2026-04-09 08:02:23 [INFO] coin_scanner           SPACE/USDT:USDT | score=0.5 | ADX=28.8 | ATR%=1.55% | VolRatio=1.4x
2026-04-09 08:02:23 [INFO] main                 스캔 완료: 10개 후보
2026-04-09 08:02:23 [INFO] main                 심볼 변경 감지  추가=['RAVE/USDT:USDT', 'BR/USDT:USDT', 'TA/USDT:USDT']  제거=[]
2026-04-09 08:02:23 [INFO] data_fetcher         DataFetcher 종료 중...
2026-04-09 08:02:23 [WARNING] data_fetcher         WebSocket 닫힘 (code=None, msg=None)
2026-04-09 08:02:23 [INFO] data_fetcher         DataFetcher 종료 완료
2026-04-09 08:02:23 [INFO] data_fetcher         DataFetcher 시작
2026-04-09 08:02:23 [INFO] data_fetcher         초기 OHLCV 데이터 REST 로드 중...
2026-04-09 08:02:25 [ERROR] data_fetcher         초기 로드 실패 [PARTI/USDT:USDT 15m]: binanceusdm 429 Too Many Requests {"code":-1003,"msg":"Too many requests; current limit of IP(15.158.3.38) is 6000 requests per minute. Please use the websocket for live updates to avoid polling the API."}
2026-04-09 08:02:27 [INFO] data_fetcher         초기 데이터 로드 완료
2026-04-09 08:02:27 [INFO] data_fetcher         WebSocket 연결: wss://fstream.binance.com/stream?streams=qusdt@kline_15m/qusdt@kline_1h/tausdt@k...
2026-04-09 08:02:27 [INFO] data_fetcher         WebSocket 스레드 시작 완료
2026-04-09 08:02:27 [INFO] orderbook            OrderBookManager 종료
2026-04-09 08:02:27 [WARNING] orderbook            호가창 WebSocket 닫힘 (code=None)
2026-04-09 08:02:27 [INFO] orderbook            OrderBookManager 시작
2026-04-09 08:02:27 [INFO] orderbook            호가창 WebSocket 연결: wss://fstream.binance.com/stream?streams=qusdt@depth20@100ms/tausdt@depth20@100m...
2026-04-09 08:02:27 [INFO] main                 피드 시작: 10개 심볼  ['15m', '1h']
2026-04-09 08:02:27 [INFO] data_fetcher         WebSocket 연결 성공
2026-04-09 08:02:27 [INFO] orderbook            호가창 WebSocket 연결 성공
2026-04-09 08:06:41 [INFO] main                 정기 스캔 시작...
2026-04-09 08:06:41 [ERROR] order_executor       잔고 조회 실패: binanceusdm testnet/sandbox mode is not supported for futures anymore, please check the deprecation announcement https://t.me/ccxt_announcements/92 and consider using the demo trading instead.
2026-04-09 08:06:41 [INFO] coin_scanner         === 코인 스캔 시작 ===
2026-04-09 08:06:41 [INFO] coin_scanner         전체 티커 조회 중...
2026-04-09 08:06:41 [INFO] coin_scanner         티커 심볼 샘플: ['LSK/USDT:USDT', 'PEOPLE/USDT:USDT', 'LRC/USDT:USDT', 'CROSS/USDT:USDT', 'CHESS/USDT:USDT']
2026-04-09 08:06:41 [INFO] coin_scanner         거래대금 필터 통과: 505개
2026-04-09 08:07:33 [INFO] coin_scanner         [DEBUG] BTC/USDT:USDT  ADX=36.5  ATR%=0.56%  VolRatio=0.20x  → 통과=False
2026-04-09 08:07:45 [INFO] coin_scanner         [DEBUG] ETHW/USDT:USDT  ADX=26.8  ATR%=0.94%  VolRatio=0.72x  → 통과=False
2026-04-09 08:07:58 [INFO] coin_scanner         [DEBUG] PUMPBTC/USDT:USDT  ADX=30.2  ATR%=1.22%  VolRatio=0.00x  → 통과=False
2026-04-09 08:08:45 [WARNING] coin_scanner         [POPCAT/USDT:USDT] 429 감지 — 5초 대기 (연속 1회)
2026-04-09 08:08:54 [WARNING] coin_scanner         [CLANKER/USDT:USDT] 429 감지 — 5초 대기 (연속 1회)
2026-04-09 08:09:43 [WARNING] coin_scanner         [HOOK/USDT:USDT] 429 감지 — 5초 대기 (연속 1회)
2026-04-09 08:09:55 [WARNING] coin_scanner         [RAYSOL/USDT:USDT] 429 감지 — 5초 대기 (연속 1회)
2026-04-09 08:10:37 [WARNING] coin_scanner         [VVV/USDT:USDT] 429 감지 — 5초 대기 (연속 1회)
2026-04-09 08:11:22 [INFO] coin_scanner         [DEBUG] BTCDOM/USDT:USDT  ADX=54.1  ATR%=0.56%  VolRatio=0.04x  → 통과=False
2026-04-09 08:11:33 [INFO] coin_scanner         [DEBUG] ETHFI/USDT:USDT  ADX=29.9  ATR%=0.89%  VolRatio=0.27x  → 통과=False
2026-04-09 08:11:41 [WARNING] apscheduler.scheduler Execution of job "코인 스캔 (trigger: interval[0:05:00], next run at: 2026-04-09 08:11:41 KST)" skipped: maximum number of running instances reached (1)
2026-04-09 08:11:41 [ERROR] order_executor       잔고 조회 실패: binanceusdm testnet/sandbox mode is not supported for futures anymore, please check the deprecation announcement https://t.me/ccxt_announcements/92 and consider using the demo trading instead.
2026-04-09 08:11:44 [WARNING] coin_scanner         [M/USDT:USDT] 429 감지 — 5초 대기 (연속 1회)
2026-04-09 08:11:50 [WARNING] coin_scanner         [TNSR/USDT:USDT] 429 감지 — 5초 대기 (연속 1회)
2026-04-09 08:11:58 [WARNING] coin_scanner         [VOXEL/USDT:USDT] 429 감지 — 5초 대기 (연속 1회)
2026-04-09 08:12:20 [INFO] coin_scanner         [DEBUG] ETH/USDT:USDT  ADX=24.6  ATR%=0.81%  VolRatio=0.24x  → 통과=False
2026-04-09 08:12:21 [INFO] coin_scanner         === 스캔 완료: 최종 후보 2개 ===
2026-04-09 08:12:21 [INFO] coin_scanner           FARTCOIN/USDT:USDT | score=5.6 | ADX=47.6 | ATR%=4.94% | VolRatio=1.5x
2026-04-09 08:12:21 [INFO] coin_scanner           SPACE/USDT:USDT | score=0.9 | ADX=31.1 | ATR%=1.70% | VolRatio=1.4x
2026-04-09 08:12:21 [INFO] main                 스캔 완료: 2개 후보
2026-04-09 08:12:21 [INFO] main                 심볼 변경 감지  추가=[]  제거=['Q/USDT:USDT', 'XMR/USDT:USDT', 'RAVE/USDT:USDT', 'TA/USDT:USDT', 'BR/USDT:USDT', 'USELESS/USDT:USDT', 'XAN/USDT:USDT', 'PARTI/USDT:USDT']
2026-04-09 08:12:21 [INFO] data_fetcher         DataFetcher 종료 중...
2026-04-09 08:12:21 [WARNING] data_fetcher         WebSocket 닫힘 (code=None, msg=None)
2026-04-09 08:12:21 [INFO] data_fetcher         DataFetcher 종료 완료
2026-04-09 08:12:21 [INFO] data_fetcher         DataFetcher 시작
2026-04-09 08:12:21 [INFO] data_fetcher         초기 OHLCV 데이터 REST 로드 중...
2026-04-09 08:12:22 [INFO] data_fetcher         초기 데이터 로드 완료
2026-04-09 08:12:22 [INFO] data_fetcher         WebSocket 연결: wss://fstream.binance.com/stream?streams=fartcoinusdt@kline_15m/fartcoinusdt@kli...
2026-04-09 08:12:22 [INFO] data_fetcher         WebSocket 스레드 시작 완료
2026-04-09 08:12:22 [INFO] orderbook            OrderBookManager 종료
2026-04-09 08:12:22 [WARNING] orderbook            호가창 WebSocket 닫힘 (code=None)
2026-04-09 08:12:22 [INFO] orderbook            OrderBookManager 시작
2026-04-09 08:12:22 [INFO] orderbook            호가창 WebSocket 연결: wss://fstream.binance.com/stream?streams=fartcoinusdt@depth20@100ms/spaceusdt@de...
2026-04-09 08:12:22 [INFO] main                 피드 시작: 2개 심볼  ['15m', '1h']
2026-04-09 08:12:22 [INFO] data_fetcher         WebSocket 연결 성공
2026-04-09 08:12:22 [INFO] orderbook            호가창 WebSocket 연결 성공
2026-04-09 08:16:41 [INFO] main                 정기 스캔 시작...
2026-04-09 08:16:41 [ERROR] order_executor       잔고 조회 실패: binanceusdm testnet/sandbox mode is not supported for futures anymore, please check the deprecation announcement https://t.me/ccxt_announcements/92 and consider using the demo trading instead.
2026-04-09 08:16:41 [INFO] coin_scanner         === 코인 스캔 시작 ===
2026-04-09 08:16:41 [INFO] coin_scanner         전체 티커 조회 중...
2026-04-09 08:16:41 [INFO] coin_scanner         티커 심볼 샘플: ['ENA/USDT:USDT', 'AI16Z/USDT:USDT', 'ROSE/USDT:USDT', 'NAORIS/USDT:USDT', 'SANDBUSD']
2026-04-09 08:16:41 [INFO] coin_scanner         거래대금 필터 통과: 505개
2026-04-09 08:17:48 [WARNING] coin_scanner         [YB/USDT:USDT] 429 감지 — 5초 대기 (연속 1회)
2026-04-09 08:17:56 [INFO] coin_scanner         [DEBUG] BTC/USDT:USDT  ADX=36.4  ATR%=0.58%  VolRatio=0.40x  → 통과=False
2026-04-09 08:18:38 [INFO] coin_scanner         [DEBUG] ETHW/USDT:USDT  ADX=26.8  ATR%=0.96%  VolRatio=1.16x  → 통과=False
2026-04-09 08:18:50 [WARNING] coin_scanner         [TA/USDT:USDT] 429 감지 — 5초 대기 (연속 1회)
2026-04-09 08:20:18 [INFO] coin_scanner         [DEBUG] PUMPBTC/USDT:USDT  ADX=30.2  ATR%=1.23%  VolRatio=0.01x  → 통과=False
2026-04-09 08:20:21 [INFO] coin_scanner         [DEBUG] BTCDOM/USDT:USDT  ADX=54.0  ATR%=0.56%  VolRatio=0.07x  → 통과=False
2026-04-09 08:20:21 [INFO] coin_scanner         [DEBUG] ETHFI/USDT:USDT  ADX=29.9  ATR%=0.91%  VolRatio=0.59x  → 통과=False
2026-04-09 08:20:50 [WARNING] coin_scanner         [KAITO/USDT:USDT] 429 감지 — 5초 대기 (연속 1회)
2026-04-09 08:21:14 [INFO] coin_scanner         [DEBUG] ETH/USDT:USDT  ADX=24.6  ATR%=0.81%  VolRatio=0.38x  → 통과=False
2026-04-09 08:21:41 [WARNING] apscheduler.scheduler Execution of job "코인 스캔 (trigger: interval[0:05:00], next run at: 2026-04-09 08:21:41 KST)" skipped: maximum number of running instances reached (1)
2026-04-09 08:21:41 [ERROR] order_executor       잔고 조회 실패: binanceusdm testnet/sandbox mode is not supported for futures anymore, please check the deprecation announcement https://t.me/ccxt_announcements/92 and consider using the demo trading instead.
2026-04-09 08:21:41 [WARNING] coin_scanner         [DASH/USDT:USDT] 429 감지 — 5초 대기 (연속 1회)
2026-04-09 08:22:02 [INFO] coin_scanner         === 스캔 완료: 최종 후보 3개 ===
2026-04-09 08:22:02 [INFO] coin_scanner           FARTCOIN/USDT:USDT | score=6.1 | ADX=47.6 | ATR%=4.77% | VolRatio=2.5x
2026-04-09 08:22:02 [INFO] coin_scanner           XAN/USDT:USDT   | score=1.5 | ADX=27.6 | ATR%=2.50% | VolRatio=1.3x
2026-04-09 08:22:02 [INFO] coin_scanner           SPACE/USDT:USDT | score=0.9 | ADX=31.1 | ATR%=1.70% | VolRatio=1.6x
2026-04-09 08:22:02 [INFO] main                 스캔 완료: 3개 후보
2026-04-09 08:22:02 [INFO] main                 심볼 변경 감지  추가=['XAN/USDT:USDT']  제거=[]
2026-04-09 08:22:02 [INFO] data_fetcher         DataFetcher 종료 중...
2026-04-09 08:22:02 [WARNING] data_fetcher         WebSocket 닫힘 (code=None, msg=None)
2026-04-09 08:22:02 [INFO] data_fetcher         DataFetcher 종료 완료
2026-04-09 08:22:02 [INFO] data_fetcher         DataFetcher 시작
2026-04-09 08:22:02 [INFO] data_fetcher         초기 OHLCV 데이터 REST 로드 중...
2026-04-09 08:22:04 [INFO] data_fetcher         초기 데이터 로드 완료
2026-04-09 08:22:04 [INFO] data_fetcher         WebSocket 연결: wss://fstream.binance.com/stream?streams=xanusdt@kline_15m/xanusdt@kline_1h/fart...
2026-04-09 08:22:04 [INFO] data_fetcher         WebSocket 스레드 시작 완료
2026-04-09 08:22:04 [INFO] orderbook            OrderBookManager 종료
2026-04-09 08:22:04 [WARNING] orderbook            호가창 WebSocket 닫힘 (code=None)
2026-04-09 08:22:04 [INFO] orderbook            OrderBookManager 시작
2026-04-09 08:22:04 [INFO] orderbook            호가창 WebSocket 연결: wss://fstream.binance.com/stream?streams=xanusdt@depth20@100ms/fartcoinusdt@dept...
2026-04-09 08:22:04 [INFO] main                 피드 시작: 3개 심볼  ['15m', '1h']
2026-04-09 08:22:04 [INFO] data_fetcher         WebSocket 연결 성공
2026-04-09 08:22:04 [INFO] orderbook            호가창 WebSocket 연결 성공
2026-04-09 08:26:41 [INFO] main                 정기 스캔 시작...
2026-04-09 08:26:41 [ERROR] order_executor       잔고 조회 실패: binanceusdm testnet/sandbox mode is not supported for futures anymore, please check the deprecation announcement https://t.me/ccxt_announcements/92 and consider using the demo trading instead.
2026-04-09 08:26:41 [INFO] coin_scanner         === 코인 스캔 시작 ===
2026-04-09 08:26:41 [INFO] coin_scanner         전체 티커 조회 중...
2026-04-09 08:26:41 [INFO] coin_scanner         티커 심볼 샘플: ['POLYX/USDT:USDT', 'XAU/USDT:USDT', 'REN/USDT:USDT', '1000X/USDT:USDT', 'UNFI/USDT:USDT']
2026-04-09 08:26:41 [INFO] coin_scanner         거래대금 필터 통과: 504개
2026-04-09 08:27:36 [INFO] coin_scanner         [DEBUG] ETH/USDT:USDT  ADX=24.6  ATR%=0.81%  VolRatio=0.51x  → 통과=False
2026-04-09 08:27:58 [INFO] coin_scanner         [DEBUG] PUMPBTC/USDT:USDT  ADX=30.3  ATR%=1.26%  VolRatio=0.34x  → 통과=False
2026-04-09 08:28:13 [INFO] coin_scanner         [DEBUG] BTC/USDT:USDT  ADX=36.4  ATR%=0.58%  VolRatio=0.52x  → 통과=False
2026-04-09 08:28:39 [INFO] coin_scanner         [DEBUG] ETHW/USDT:USDT  ADX=26.8  ATR%=0.97%  VolRatio=1.48x  → 통과=False
2026-04-09 08:29:34 [INFO] coin_scanner         [DEBUG] BTCDOM/USDT:USDT  ADX=53.7  ATR%=0.57%  VolRatio=0.15x  → 통과=False
2026-04-09 08:29:41 [INFO] coin_scanner         [DEBUG] ETHFI/USDT:USDT  ADX=29.9  ATR%=0.91%  VolRatio=0.59x  → 통과=False
2026-04-09 08:31:41 [INFO] coin_scanner         === 스캔 완료: 최종 후보 7개 ===
2026-04-09 08:31:41 [INFO] coin_scanner           FARTCOIN/USDT:USDT | score=6.5 | ADX=47.6 | ATR%=4.81% | VolRatio=3.0x
2026-04-09 08:31:41 [INFO] coin_scanner           XAN/USDT:USDT   | score=1.5 | ADX=27.6 | ATR%=2.50% | VolRatio=1.5x
2026-04-09 08:31:41 [INFO] coin_scanner           KITE/USDT:USDT  | score=1.1 | ADX=33.2 | ATR%=1.68% | VolRatio=1.4x
2026-04-09 08:31:41 [INFO] coin_scanner           BLUR/USDT:USDT  | score=1.1 | ADX=33.8 | ATR%=1.53% | VolRatio=1.3x
2026-04-09 08:31:41 [INFO] coin_scanner           SPACE/USDT:USDT | score=0.9 | ADX=31.1 | ATR%=1.71% | VolRatio=1.6x
2026-04-09 08:31:41 [INFO] coin_scanner           TA/USDT:USDT    | score=0.8 | ADX=31.5 | ATR%=1.53% | VolRatio=1.5x
2026-04-09 08:31:41 [INFO] coin_scanner           PARTI/USDT:USDT | score=0.3 | ADX=25.7 | ATR%=1.65% | VolRatio=1.2x
2026-04-09 08:31:41 [INFO] main                 스캔 완료: 7개 후보
2026-04-09 08:31:41 [INFO] main                 심볼 변경 감지  추가=['BLUR/USDT:USDT', 'PARTI/USDT:USDT', 'TA/USDT:USDT', 'KITE/USDT:USDT']  제거=[]
2026-04-09 08:31:41 [INFO] data_fetcher         DataFetcher 종료 중...
2026-04-09 08:31:41 [WARNING] data_fetcher         WebSocket 닫힘 (code=None, msg=None)
2026-04-09 08:31:41 [INFO] data_fetcher         DataFetcher 종료 완료
2026-04-09 08:31:41 [INFO] data_fetcher         DataFetcher 시작
2026-04-09 08:31:41 [INFO] data_fetcher         초기 OHLCV 데이터 REST 로드 중...
2026-04-09 08:31:41 [WARNING] apscheduler.scheduler Execution of job "코인 스캔 (trigger: interval[0:05:00], next run at: 2026-04-09 08:31:41 KST)" skipped: maximum number of running instances reached (1)
2026-04-09 08:31:41 [ERROR] order_executor       잔고 조회 실패: binanceusdm testnet/sandbox mode is not supported for futures anymore, please check the deprecation announcement https://t.me/ccxt_announcements/92 and consider using the demo trading instead.
2026-04-09 08:31:43 [INFO] data_fetcher         초기 데이터 로드 완료
2026-04-09 08:31:43 [INFO] data_fetcher         WebSocket 연결: wss://fstream.binance.com/stream?streams=kiteusdt@kline_15m/kiteusdt@kline_1h/fa...
2026-04-09 08:31:43 [INFO] data_fetcher         WebSocket 스레드 시작 완료
2026-04-09 08:31:43 [INFO] orderbook            OrderBookManager 종료
2026-04-09 08:31:43 [WARNING] orderbook            호가창 WebSocket 닫힘 (code=None)
2026-04-09 08:31:43 [INFO] orderbook            OrderBookManager 시작
2026-04-09 08:31:43 [INFO] orderbook            호가창 WebSocket 연결: wss://fstream.binance.com/stream?streams=kiteusdt@depth20@100ms/fartcoinusdt@dep...
2026-04-09 08:31:43 [INFO] main                 피드 시작: 7개 심볼  ['15m', '1h']
2026-04-09 08:31:44 [INFO] data_fetcher         WebSocket 연결 성공
2026-04-09 08:31:44 [INFO] orderbook            호가창 WebSocket 연결 성공
2026-04-09 08:36:41 [INFO] main                 정기 스캔 시작...
2026-04-09 08:36:41 [ERROR] order_executor       잔고 조회 실패: binanceusdm testnet/sandbox mode is not supported for futures anymore, please check the deprecation announcement https://t.me/ccxt_announcements/92 and consider using the demo trading instead.
2026-04-09 08:36:41 [INFO] coin_scanner         === 코인 스캔 시작 ===
2026-04-09 08:36:41 [INFO] coin_scanner         전체 티커 조회 중...
2026-04-09 08:36:41 [INFO] coin_scanner         티커 심볼 샘플: ['1000PEPE/USDT:USDT', 'SCRT/USDT:USDT', 'BAS/USDT:USDT', 'CFX/USDT:USDT', '1000CAT/USDT:USDT']
2026-04-09 08:36:41 [INFO] coin_scanner         거래대금 필터 통과: 503개
2026-04-09 08:37:44 [WARNING] coin_scanner         [ZK/USDT:USDT] 429 감지 — 5초 대기 (연속 1회)
2026-04-09 08:38:33 [WARNING] coin_scanner         [STORJ/USDT:USDT] 429 감지 — 5초 대기 (연속 1회)
2026-04-09 08:38:39 [WARNING] coin_scanner         [XAU/USDT:USDT] 429 감지 — 5초 대기 (연속 1회)
2026-04-09 08:38:57 [INFO] coin_scanner         [DEBUG] BTCDOM/USDT:USDT  ADX=53.4  ATR%=0.58%  VolRatio=0.19x  → 통과=False
2026-04-09 08:39:34 [WARNING] coin_scanner         [XVG/USDT:USDT] 429 감지 — 5초 대기 (연속 1회)
2026-04-09 08:39:43 [WARNING] coin_scanner         [AGLD/USDT:USDT] 429 감지 — 5초 대기 (연속 1회)
2026-04-09 08:39:48 [WARNING] coin_scanner         [EGLD/USDT:USDT] 429 감지 — 10초 대기 (연속 2회)
2026-04-09 08:40:02 [INFO] coin_scanner         [DEBUG] PUMPBTC/USDT:USDT  ADX=30.4  ATR%=1.28%  VolRatio=0.34x  → 통과=False
2026-04-09 08:40:14 [INFO] coin_scanner         [DEBUG] ETHFI/USDT:USDT  ADX=30.1  ATR%=0.92%  VolRatio=0.59x  → 통과=False
2026-04-09 08:40:58 [WARNING] coin_scanner         [STBL/USDT:USDT] 429 감지 — 5초 대기 (연속 1회)
2026-04-09 08:41:04 [INFO] coin_scanner         [DEBUG] BTC/USDT:USDT  ADX=36.3  ATR%=0.58%  VolRatio=0.73x  → 통과=False
2026-04-09 08:41:28 [WARNING] coin_scanner         [TRU/USDT:USDT] 429 감지 — 5초 대기 (연속 1회)
2026-04-09 08:41:40 [INFO] coin_scanner         [DEBUG] ETH/USDT:USDT  ADX=24.6  ATR%=0.81%  VolRatio=0.77x  → 통과=False
2026-04-09 08:41:41 [WARNING] apscheduler.scheduler Execution of job "코인 스캔 (trigger: interval[0:05:00], next run at: 2026-04-09 08:41:41 KST)" skipped: maximum number of running instances reached (1)
2026-04-09 08:41:41 [ERROR] order_executor       잔고 조회 실패: binanceusdm testnet/sandbox mode is not supported for futures anymore, please check the deprecation announcement https://t.me/ccxt_announcements/92 and consider using the demo trading instead.
2026-04-09 08:41:41 [INFO] coin_scanner         [DEBUG] ETHW/USDT:USDT  ADX=26.8  ATR%=0.97%  VolRatio=1.48x  → 통과=False
2026-04-09 08:41:43 [WARNING] coin_scanner         [DODOX/USDT:USDT] 429 감지 — 5초 대기 (연속 1회)
2026-04-09 08:42:23 [INFO] coin_scanner         === 스캔 완료: 최종 후보 10개 ===
2026-04-09 08:42:23 [INFO] coin_scanner           FARTCOIN/USDT:USDT | score=7.3 | ADX=47.4 | ATR%=5.01% | VolRatio=3.8x
2026-04-09 08:42:23 [INFO] coin_scanner           MAGIC/USDT:USDT | score=2.5 | ADX=43.7 | ATR%=1.84% | VolRatio=1.3x
2026-04-09 08:42:23 [INFO] coin_scanner           FRAX/USDT:USDT  | score=2.0 | ADX=41.9 | ATR%=1.60% | VolRatio=1.2x
2026-04-09 08:42:23 [INFO] coin_scanner           USELESS/USDT:USDT | score=1.6 | ADX=27.4 | ATR%=2.63% | VolRatio=1.4x
2026-04-09 08:42:23 [INFO] coin_scanner           BLUR/USDT:USDT  | score=1.6 | ADX=33.8 | ATR%=1.59% | VolRatio=2.5x
2026-04-09 08:42:23 [INFO] coin_scanner           XAN/USDT:USDT   | score=1.5 | ADX=27.6 | ATR%=2.51% | VolRatio=1.6x
2026-04-09 08:42:23 [INFO] coin_scanner           ICNT/USDT:USDT  | score=1.2 | ADX=35.2 | ATR%=1.52% | VolRatio=1.4x
2026-04-09 08:42:23 [INFO] coin_scanner           KITE/USDT:USDT  | score=1.2 | ADX=33.2 | ATR%=1.69% | VolRatio=1.6x
2026-04-09 08:42:23 [INFO] coin_scanner           SPACE/USDT:USDT | score=1.1 | ADX=31.1 | ATR%=1.69% | VolRatio=2.1x
2026-04-09 08:42:23 [INFO] coin_scanner           TA/USDT:USDT    | score=0.8 | ADX=31.5 | ATR%=1.55% | VolRatio=1.6x
2026-04-09 08:42:23 [INFO] main                 스캔 완료: 10개 후보
2026-04-09 08:42:23 [INFO] main                 심볼 변경 감지  추가=['ICNT/USDT:USDT', 'FRAX/USDT:USDT', 'MAGIC/USDT:USDT', 'USELESS/USDT:USDT']  제거=['PARTI/USDT:USDT']
2026-04-09 08:42:23 [INFO] data_fetcher         DataFetcher 종료 중...
2026-04-09 08:42:23 [WARNING] data_fetcher         WebSocket 닫힘 (code=None, msg=None)
2026-04-09 08:42:23 [INFO] data_fetcher         DataFetcher 종료 완료
2026-04-09 08:42:23 [INFO] data_fetcher         DataFetcher 시작
2026-04-09 08:42:23 [INFO] data_fetcher         초기 OHLCV 데이터 REST 로드 중...
2026-04-09 08:42:25 [ERROR] data_fetcher         초기 로드 실패 [BLUR/USDT:USDT 15m]: binanceusdm 429 Too Many Requests {"code":-1003,"msg":"Too many requests; current limit of IP(15.158.3.4) is 6000 requests per minute. Please use the websocket for live updates to avoid polling the API."}
2026-04-09 08:42:25 [ERROR] data_fetcher         초기 로드 실패 [KITE/USDT:USDT 15m]: binanceusdm 429 Too Many Requests {"code":-1003,"msg":"Too many requests; current limit of IP(15.158.3.4) is 6000 requests per minute. Please use the websocket for live updates to avoid polling the API."}
2026-04-09 08:42:29 [INFO] data_fetcher         초기 데이터 로드 완료
2026-04-09 08:42:29 [INFO] data_fetcher         WebSocket 연결: wss://fstream.binance.com/stream?streams=tausdt@kline_15m/tausdt@kline_1h/useles...
2026-04-09 08:42:29 [INFO] data_fetcher         WebSocket 스레드 시작 완료
2026-04-09 08:42:29 [INFO] orderbook            OrderBookManager 종료
2026-04-09 08:42:29 [WARNING] orderbook            호가창 WebSocket 닫힘 (code=None)
2026-04-09 08:42:29 [INFO] orderbook            OrderBookManager 시작
2026-04-09 08:42:29 [INFO] orderbook            호가창 WebSocket 연결: wss://fstream.binance.com/stream?streams=tausdt@depth20@100ms/uselessusdt@depth2...
2026-04-09 08:42:29 [INFO] main                 피드 시작: 10개 심볼  ['15m', '1h']
2026-04-09 08:42:29 [INFO] data_fetcher         WebSocket 연결 성공
2026-04-09 08:42:29 [INFO] orderbook            호가창 WebSocket 연결 성공
2026-04-09 08:46:41 [INFO] main                 정기 스캔 시작...
2026-04-09 08:46:41 [ERROR] order_executor       잔고 조회 실패: binanceusdm testnet/sandbox mode is not supported for futures anymore, please check the deprecation announcement https://t.me/ccxt_announcements/92 and consider using the demo trading instead.
2026-04-09 08:46:41 [INFO] coin_scanner         === 코인 스캔 시작 ===
2026-04-09 08:46:41 [INFO] coin_scanner         전체 티커 조회 중...
2026-04-09 08:46:41 [INFO] coin_scanner         티커 심볼 샘플: ['Q/USDT:USDT', 'INIT/USDT:USDT', 'ATA/USDT:USDT', 'NEWT/USDT:USDT', 'AKT/USDT:USDT']
2026-04-09 08:46:41 [INFO] coin_scanner         거래대금 필터 통과: 502개
2026-04-09 08:46:51 [INFO] coin_scanner         [DEBUG] PUMPBTC/USDT:USDT  ADX=30.4  ATR%=1.28%  VolRatio=0.34x  → 통과=False
2026-04-09 08:46:54 [WARNING] coin_scanner         [MAV/USDT:USDT] 429 감지 — 5초 대기 (연속 1회)
2026-04-09 08:52:58 [WARNING] coin_scanner         [ZRC/USDT:USDT] 네트워크 오류: binanceusdm GET https://testnet.binancefuture.com/fapi/v1/klines?interval=1h&limit=50&symbol=ZRCUSDT
2026-04-09 08:52:58 [WARNING] coin_scanner         [1000XEC/USDT:USDT] 네트워크 오류: binanceusdm GET https://testnet.binancefuture.com/fapi/v1/klines?interval=1h&limit=50&symbol=1000XECUSDT
2026-04-09 08:52:58 [WARNING] coin_scanner         [XAI/USDT:USDT] 네트워크 오류: binanceusdm GET https://testnet.binancefuture.com/fapi/v1/klines?interval=1h&limit=50&symbol=XAIUSDT
2026-04-09 08:52:59 [WARNING] coin_scanner         [BANANAS31/USDT:USDT] 네트워크 오류: binanceusdm GET https://testnet.binancefuture.com/fapi/v1/klines?interval=1h&limit=50&symbol=BANANAS31USDT
2026-04-09 08:52:59 [WARNING] coin_scanner         [BAND/USDT:USDT] 네트워크 오류: binanceusdm GET https://testnet.binancefuture.com/fapi/v1/klines?interval=1h&limit=50&symbol=BANDUSDT
2026-04-09 08:52:59 [WARNING] coin_scanner         [AT/USDT:USDT] 네트워크 오류: binanceusdm GET https://testnet.binancefuture.com/fapi/v1/klines?interval=1h&limit=50&symbol=ATUSDT
2026-04-09 08:52:59 [WARNING] coin_scanner         [XPIN/USDT:USDT] 네트워크 오류: binanceusdm GET https://testnet.binancefuture.com/fapi/v1/klines?interval=1h&limit=50&symbol=XPINUSDT
2026-04-09 08:52:59 [WARNING] coin_scanner         [GWEI/USDT:USDT] 네트워크 오류: binanceusdm GET https://testnet.binancefuture.com/fapi/v1/klines?interval=1h&limit=50&symbol=GWEIUSDT
2026-04-09 08:52:59 [WARNING] coin_scanner         [VINE/USDT:USDT] 네트워크 오류: binanceusdm GET https://testnet.binancefuture.com/fapi/v1/klines?interval=1h&limit=50&symbol=VINEUSDT
2026-04-09 08:52:59 [WARNING] coin_scanner         [FLOCK/USDT:USDT] 네트워크 오류: binanceusdm GET https://testnet.binancefuture.com/fapi/v1/klines?interval=1h&limit=50&symbol=FLOCKUSDT
2026-04-09 08:52:59 [WARNING] coin_scanner         [MELANIA/USDT:USDT] 네트워크 오류: binanceusdm GET https://testnet.binancefuture.com/fapi/v1/klines?interval=1h&limit=50&symbol=MELANIAUSDT
2026-04-09 08:52:59 [WARNING] coin_scanner         [AVAX/USDT:USDT] 네트워크 오류: binanceusdm GET https://testnet.binancefuture.com/fapi/v1/klines?interval=1h&limit=50&symbol=AVAXUSDT
2026-04-09 08:52:59 [WARNING] coin_scanner         [MANA/USDT:USDT] 네트워크 오류: binanceusdm GET https://testnet.binancefuture.com/fapi/v1/klines?interval=1h&limit=50&symbol=MANAUSDT
2026-04-09 08:52:59 [WARNING] coin_scanner         [US/USDT:USDT] 네트워크 오류: binanceusdm GET https://testnet.binancefuture.com/fapi/v1/klines?interval=1h&limit=50&symbol=USUSDT
2026-04-09 08:52:59 [WARNING] coin_scanner         [SKL/USDT:USDT] 네트워크 오류: binanceusdm GET https://testnet.binancefuture.com/fapi/v1/klines?interval=1h&limit=50&symbol=SKLUSDT
2026-04-09 08:52:59 [WARNING] coin_scanner         [BTC/USDT:USDT] 네트워크 오류: binanceusdm GET https://testnet.binancefuture.com/fapi/v1/klines?interval=1h&limit=50&symbol=BTCUSDT
2026-04-09 08:52:59 [WARNING] coin_scanner         [BTCDOM/USDT:USDT] 네트워크 오류: binanceusdm GET https://testnet.binancefuture.com/fapi/v1/klines?interval=1h&limit=50&symbol=BTCDOMUSDT
2026-04-09 08:52:59 [WARNING] coin_scanner         [MOVE/USDT:USDT] 네트워크 오류: binanceusdm GET https://testnet.binancefuture.com/fapi/v1/klines?interval=1h&limit=50&symbol=MOVEUSDT
2026-04-09 08:52:59 [WARNING] coin_scanner         [SWARMS/USDT:USDT] 네트워크 오류: binanceusdm GET https://testnet.binancefuture.com/fapi/v1/klines?interval=1h&limit=50&symbol=SWARMSUSDT
2026-04-09 08:52:59 [WARNING] coin_scanner         [BSV/USDT:USDT] 네트워크 오류: binanceusdm GET https://testnet.binancefuture.com/fapi/v1/klines?interval=1h&limit=50&symbol=BSVUSDT
2026-04-09 08:53:00 [WARNING] coin_scanner         [FLUID/USDT:USDT] 네트워크 오류: binanceusdm GET https://testnet.binancefuture.com/fapi/v1/klines?interval=1h&limit=50&symbol=FLUIDUSDT
2026-04-09 08:53:00 [WARNING] coin_scanner         [DEXE/USDT:USDT] 네트워크 오류: binanceusdm GET https://testnet.binancefuture.com/fapi/v1/klines?interval=1h&limit=50&symbol=DEXEUSDT
2026-04-09 08:53:00 [WARNING] coin_scanner         [KITE/USDT:USDT] 네트워크 오류: binanceusdm GET https://testnet.binancefuture.com/fapi/v1/klines?interval=1h&limit=50&symbol=KITEUSDT
2026-04-09 08:53:00 [WARNING] coin_scanner         [SNX/USDT:USDT] 네트워크 오류: binanceusdm GET https://testnet.binancefuture.com/fapi/v1/klines?interval=1h&limit=50&symbol=SNXUSDT
2026-04-09 08:53:00 [WARNING] coin_scanner         [AERO/USDT:USDT] 네트워크 오류: binanceusdm GET https://testnet.binancefuture.com/fapi/v1/klines?interval=1h&limit=50&symbol=AEROUSDT
2026-04-09 08:53:00 [WARNING] coin_scanner         [TURBO/USDT:USDT] 네트워크 오류: binanceusdm GET https://testnet.binancefuture.com/fapi/v1/klines?interval=1h&limit=50&symbol=TURBOUSDT
2026-04-09 08:53:00 [WARNING] coin_scanner         [ANIME/USDT:USDT] 네트워크 오류: binanceusdm GET https://testnet.binancefuture.com/fapi/v1/klines?interval=1h&limit=50&symbol=ANIMEUSDT
2026-04-09 08:53:00 [WARNING] coin_scanner         [DASH/USDT:USDT] 네트워크 오류: binanceusdm GET https://testnet.binancefuture.com/fapi/v1/klines?interval=1h&limit=50&symbol=DASHUSDT
2026-04-09 08:53:00 [WARNING] coin_scanner         [TRIA/USDT:USDT] 네트워크 오류: binanceusdm GET https://testnet.binancefuture.com/fapi/v1/klines?interval=1h&limit=50&symbol=TRIAUSDT
2026-04-09 08:53:00 [WARNING] coin_scanner         [FUN/USDT:USDT] 네트워크 오류: binanceusdm GET https://testnet.binancefuture.com/fapi/v1/klines?interval=1h&limit=50&symbol=FUNUSDT
2026-04-09 08:53:00 [WARNING] coin_scanner         [NEO/USDT:USDT] 네트워크 오류: binanceusdm GET https://testnet.binancefuture.com/fapi/v1/klines?interval=1h&limit=50&symbol=NEOUSDT
2026-04-09 08:53:00 [WARNING] coin_scanner         [LUMIA/USDT:USDT] 네트워크 오류: binanceusdm GET https://testnet.binancefuture.com/fapi/v1/klines?interval=1h&limit=50&symbol=LUMIAUSDT
2026-04-09 08:53:00 [WARNING] coin_scanner         [COW/USDT:USDT] 네트워크 오류: binanceusdm GET https://testnet.binancefuture.com/fapi/v1/klines?interval=1h&limit=50&symbol=COWUSDT
2026-04-09 08:53:00 [WARNING] coin_scanner         [MUBARAK/USDT:USDT] 네트워크 오류: binanceusdm GET https://testnet.binancefuture.com/fapi/v1/klines?interval=1h&limit=50&symbol=MUBARAKUSDT
2026-04-09 08:53:00 [WARNING] coin_scanner         [GRT/USDT:USDT] 네트워크 오류: binanceusdm GET https://testnet.binancefuture.com/fapi/v1/klines?interval=1h&limit=50&symbol=GRTUSDT
2026-04-09 08:53:00 [WARNING] coin_scanner         [SIGN/USDT:USDT] 네트워크 오류: binanceusdm GET https://testnet.binancefuture.com/fapi/v1/klines?interval=1h&limit=50&symbol=SIGNUSDT
2026-04-09 08:53:00 [WARNING] coin_scanner         [SSV/USDT:USDT] 네트워크 오류: binanceusdm GET https://testnet.binancefuture.com/fapi/v1/klines?interval=1h&limit=50&symbol=SSVUSDT
2026-04-09 08:53:00 [WARNING] coin_scanner         [CHR/USDT:USDT] 네트워크 오류: binanceusdm GET https://testnet.binancefuture.com/fapi/v1/klines?interval=1h&limit=50&symbol=CHRUSDT
2026-04-09 08:53:01 [WARNING] coin_scanner         [BROCCOLIF3B/USDT:USDT] 네트워크 오류: binanceusdm GET https://testnet.binancefuture.com/fapi/v1/klines?interval=1h&limit=50&symbol=BROCCOLIF3BUSDT
2026-04-09 08:53:01 [WARNING] coin_scanner         [LAYER/USDT:USDT] 네트워크 오류: binanceusdm GET https://testnet.binancefuture.com/fapi/v1/klines?interval=1h&limit=50&symbol=LAYERUSDT
2026-04-09 08:53:01 [WARNING] coin_scanner         [NEAR/USDT:USDT] 네트워크 오류: binanceusdm GET https://testnet.binancefuture.com/fapi/v1/klines?interval=1h&limit=50&symbol=NEARUSDT
2026-04-09 08:53:01 [WARNING] coin_scanner         [AI/USDT:USDT] 네트워크 오류: binanceusdm GET https://testnet.binancefuture.com/fapi/v1/klines?interval=1h&limit=50&symbol=AIUSDT
2026-04-09 08:53:01 [WARNING] coin_scanner         [BMT/USDT:USDT] 네트워크 오류: binanceusdm GET https://testnet.binancefuture.com/fapi/v1/klines?interval=1h&limit=50&symbol=BMTUSDT
2026-04-09 08:53:01 [WARNING] coin_scanner         [STO/USDT:USDT] 네트워크 오류: binanceusdm GET https://testnet.binancefuture.com/fapi/v1/klines?interval=1h&limit=50&symbol=STOUSDT
2026-04-09 08:53:01 [WARNING] coin_scanner         [COTI/USDT:USDT] 네트워크 오류: binanceusdm GET https://testnet.binancefuture.com/fapi/v1/klines?interval=1h&limit=50&symbol=COTIUSDT
2026-04-09 08:53:01 [WARNING] coin_scanner         [ALPINE/USDT:USDT] 네트워크 오류: binanceusdm GET https://testnet.binancefuture.com/fapi/v1/klines?interval=1h&limit=50&symbol=ALPINEUSDT
2026-04-09 08:53:01 [WARNING] coin_scanner         [RESOLV/USDT:USDT] 네트워크 오류: binanceusdm GET https://testnet.binancefuture.com/fapi/v1/klines?interval=1h&limit=50&symbol=RESOLVUSDT
2026-04-09 08:53:01 [WARNING] coin_scanner         [STX/USDT:USDT] 네트워크 오류: binanceusdm GET https://testnet.binancefuture.com/fapi/v1/klines?interval=1h&limit=50&symbol=STXUSDT
2026-04-09 08:53:01 [WARNING] coin_scanner         [DMC/USDT:USDT] 네트워크 오류: binanceusdm GET https://testnet.binancefuture.com/fapi/v1/klines?interval=1h&limit=50&symbol=DMCUSDT
2026-04-09 08:53:01 [WARNING] coin_scanner         [OBOL/USDT:USDT] 네트워크 오류: binanceusdm GET https://testnet.binancefuture.com/fapi/v1/klines?interval=1h&limit=50&symbol=OBOLUSDT
2026-04-09 08:53:01 [WARNING] coin_scanner         [TUT/USDT:USDT] 네트워크 오류: binanceusdm GET https://testnet.binancefuture.com/fapi/v1/klines?interval=1h&limit=50&symbol=TUTUSDT
2026-04-09 08:53:01 [WARNING] coin_scanner         [PIXEL/USDT:USDT] 네트워크 오류: binanceusdm GET https://testnet.binancefuture.com/fapi/v1/klines?interval=1h&limit=50&symbol=PIXELUSDT
2026-04-09 08:53:01 [WARNING] coin_scanner         [TREE/USDT:USDT] 네트워크 오류: binanceusdm GET https://testnet.binancefuture.com/fapi/v1/klines?interval=1h&limit=50&symbol=TREEUSDT
2026-04-09 08:53:01 [WARNING] coin_scanner         [RSR/USDT:USDT] 네트워크 오류: binanceusdm GET https://testnet.binancefuture.com/fapi/v1/klines?interval=1h&limit=50&symbol=RSRUSDT
2026-04-09 08:53:01 [WARNING] coin_scanner         [RAVE/USDT:USDT] 네트워크 오류: binanceusdm GET https://testnet.binancefuture.com/fapi/v1/klines?interval=1h&limit=50&symbol=RAVEUSDT
2026-04-09 08:53:02 [WARNING] coin_scanner         [LPT/USDT:USDT] 네트워크 오류: binanceusdm GET https://testnet.binancefuture.com/fapi/v1/klines?interval=1h&limit=50&symbol=LPTUSDT
2026-04-09 08:53:02 [WARNING] coin_scanner         [VANA/USDT:USDT] 네트워크 오류: binanceusdm GET https://testnet.binancefuture.com/fapi/v1/klines?interval=1h&limit=50&symbol=VANAUSDT
2026-04-09 08:53:02 [WARNING] coin_scanner         [ZKJ/USDT:USDT] 네트워크 오류: binanceusdm GET https://testnet.binancefuture.com/fapi/v1/klines?interval=1h&limit=50&symbol=ZKJUSDT
2026-04-09 08:53:02 [WARNING] coin_scanner         [YB/USDT:USDT] 네트워크 오류: binanceusdm GET https://testnet.binancefuture.com/fapi/v1/klines?interval=1h&limit=50&symbol=YBUSDT
2026-04-09 08:53:02 [WARNING] coin_scanner         [ALICE/USDT:USDT] 네트워크 오류: binanceusdm GET https://testnet.binancefuture.com/fapi/v1/klines?interval=1h&limit=50&symbol=ALICEUSDT
2026-04-09 08:53:02 [WARNING] coin_scanner         [VET/USDT:USDT] 네트워크 오류: binanceusdm GET https://testnet.binancefuture.com/fapi/v1/klines?interval=1h&limit=50&symbol=VETUSDT
2026-04-09 08:53:02 [WARNING] coin_scanner         [FLOW/USDT:USDT] 네트워크 오류: binanceusdm GET https://testnet.binancefuture.com/fapi/v1/klines?interval=1h&limit=50&symbol=FLOWUSDT
2026-04-09 08:53:02 [WARNING] coin_scanner         [WIF/USDT:USDT] 네트워크 오류: binanceusdm GET https://testnet.binancefuture.com/fapi/v1/klines?interval=1h&limit=50&symbol=WIFUSDT
2026-04-09 08:53:02 [WARNING] coin_scanner         [CKB/USDT:USDT] 네트워크 오류: binanceusdm GET https://testnet.binancefuture.com/fapi/v1/klines?interval=1h&limit=50&symbol=CKBUSDT
2026-04-09 08:53:02 [WARNING] coin_scanner         [CYS/USDT:USDT] 네트워크 오류: binanceusdm GET https://testnet.binancefuture.com/fapi/v1/klines?interval=1h&limit=50&symbol=CYSUSDT
2026-04-09 08:53:02 [WARNING] coin_scanner         [FLUX/USDT:USDT] 네트워크 오류: binanceusdm GET https://testnet.binancefuture.com/fapi/v1/klines?interval=1h&limit=50&symbol=FLUXUSDT
2026-04-09 08:53:02 [WARNING] coin_scanner         [TOWNS/USDT:USDT] 네트워크 오류: binanceusdm GET https://testnet.binancefuture.com/fapi/v1/klines?interval=1h&limit=50&symbol=TOWNSUSDT
2026-04-09 08:53:02 [WARNING] coin_scanner         [OG/USDT:USDT] 네트워크 오류: binanceusdm GET https://testnet.binancefuture.com/fapi/v1/klines?interval=1h&limit=50&symbol=OGUSDT
2026-04-09 08:53:02 [WARNING] coin_scanner         [BEAMX/USDT:USDT] 네트워크 오류: binanceusdm GET https://testnet.binancefuture.com/fapi/v1/klines?interval=1h&limit=50&symbol=BEAMXUSDT
2026-04-09 08:53:02 [WARNING] coin_scanner         [M/USDT:USDT] 네트워크 오류: binanceusdm GET https://testnet.binancefuture.com/fapi/v1/klines?interval=1h&limit=50&symbol=MUSDT
2026-04-09 08:53:02 [WARNING] coin_scanner         [BLUR/USDT:USDT] 네트워크 오류: binanceusdm GET https://testnet.binancefuture.com/fapi/v1/klines?interval=1h&limit=50&symbol=BLURUSDT
2026-04-09 08:53:02 [WARNING] coin_scanner         [XPL/USDT:USDT] 네트워크 오류: binanceusdm GET https://testnet.binancefuture.com/fapi/v1/klines?interval=1h&limit=50&symbol=XPLUSDT
2026-04-09 08:53:03 [WARNING] coin_scanner         [OXT/USDT:USDT] 네트워크 오류: binanceusdm GET https://testnet.binancefuture.com/fapi/v1/klines?interval=1h&limit=50&symbol=OXTUSDT
2026-04-09 08:53:03 [WARNING] coin_scanner         [UB/USDT:USDT] 네트워크 오류: binanceusdm GET https://testnet.binancefuture.com/fapi/v1/klines?interval=1h&limit=50&symbol=UBUSDT
2026-04-09 08:53:03 [WARNING] coin_scanner         [ACE/USDT:USDT] 네트워크 오류: binanceusdm GET https://testnet.binancefuture.com/fapi/v1/klines?interval=1h&limit=50&symbol=ACEUSDT
2026-04-09 08:53:03 [WARNING] coin_scanner         [QTUM/USDT:USDT] 네트워크 오류: binanceusdm GET https://testnet.binancefuture.com/fapi/v1/klines?interval=1h&limit=50&symbol=QTUMUSDT
2026-04-09 08:53:03 [WARNING] coin_scanner         [SCRT/USDT:USDT] 네트워크 오류: binanceusdm GET https://testnet.binancefuture.com/fapi/v1/klines?interval=1h&limit=50&symbol=SCRTUSDT
2026-04-09 08:53:03 [WARNING] coin_scanner         [SWELL/USDT:USDT] 네트워크 오류: binanceusdm GET https://testnet.binancefuture.com/fapi/v1/klines?interval=1h&limit=50&symbol=SWELLUSDT
2026-04-09 08:53:03 [WARNING] coin_scanner         [SLP/USDT:USDT] 네트워크 오류: binanceusdm GET https://testnet.binancefuture.com/fapi/v1/klines?interval=1h&limit=50&symbol=SLPUSDT
2026-04-09 08:53:03 [WARNING] coin_scanner         [CRV/USDT:USDT] 네트워크 오류: binanceusdm GET https://testnet.binancefuture.com/fapi/v1/klines?interval=1h&limit=50&symbol=CRVUSDT
2026-04-09 08:53:03 [WARNING] coin_scanner         [LTC/USDT:USDT] 네트워크 오류: binanceusdm GET https://testnet.binancefuture.com/fapi/v1/klines?interval=1h&limit=50&symbol=LTCUSDT
2026-04-09 08:53:03 [WARNING] coin_scanner         [CROSS/USDT:USDT] 네트워크 오류: binanceusdm GET https://testnet.binancefuture.com/fapi/v1/klines?interval=1h&limit=50&symbol=CROSSUSDT
2026-04-09 08:53:03 [WARNING] coin_scanner         [ALGO/USDT:USDT] 네트워크 오류: binanceusdm GET https://testnet.binancefuture.com/fapi/v1/klines?interval=1h&limit=50&symbol=ALGOUSDT
2026-04-09 08:53:03 [WARNING] coin_scanner         [DEGO/USDT:USDT] 네트워크 오류: binanceusdm GET https://testnet.binancefuture.com/fapi/v1/klines?interval=1h&limit=50&symbol=DEGOUSDT
2026-04-09 08:53:03 [WARNING] coin_scanner         [PEOPLE/USDT:USDT] 네트워크 오류: binanceusdm GET https://testnet.binancefuture.com/fapi/v1/klines?interval=1h&limit=50&symbol=PEOPLEUSDT
2026-04-09 08:53:03 [WARNING] coin_scanner         [HFT/USDT:USDT] 네트워크 오류: binanceusdm GET https://testnet.binancefuture.com/fapi/v1/klines?interval=1h&limit=50&symbol=HFTUSDT
2026-04-09 08:53:03 [WARNING] coin_scanner         [USTC/USDT:USDT] 네트워크 오류: binanceusdm GET https://testnet.binancefuture.com/fapi/v1/klines?interval=1h&limit=50&symbol=USTCUSDT
2026-04-09 08:53:03 [WARNING] coin_scanner         [AAVE/USDT:USDT] 네트워크 오류: binanceusdm GET https://testnet.binancefuture.com/fapi/v1/klines?interval=1h&limit=50&symbol=AAVEUSDT
2026-04-09 08:53:03 [WARNING] coin_scanner         [GTC/USDT:USDT] 네트워크 오류: binanceusdm GET https://testnet.binancefuture.com/fapi/v1/klines?interval=1h&limit=50&symbol=GTCUSDT
2026-04-09 08:53:03 [WARNING] coin_scanner         [KAVA/USDT:USDT] 네트워크 오류: binanceusdm GET https://testnet.binancefuture.com/fapi/v1/klines?interval=1h&limit=50&symbol=KAVAUSDT
2026-04-09 08:53:04 [WARNING] coin_scanner         [HBAR/USDT:USDT] 네트워크 오류: binanceusdm GET https://testnet.binancefuture.com/fapi/v1/klines?interval=1h&limit=50&symbol=HBARUSDT
2026-04-09 08:53:04 [WARNING] coin_scanner         [ONDO/USDT:USDT] 네트워크 오류: binanceusdm GET https://testnet.binancefuture.com/fapi/v1/klines?interval=1h&limit=50&symbol=ONDOUSDT
2026-04-09 08:53:04 [WARNING] coin_scanner         [XAU/USDT:USDT] 네트워크 오류: binanceusdm GET https://testnet.binancefuture.com/fapi/v1/klines?interval=1h&limit=50&symbol=XAUUSDT
2026-04-09 08:53:04 [WARNING] coin_scanner         [B/USDT:USDT] 네트워크 오류: binanceusdm GET https://testnet.binancefuture.com/fapi/v1/klines?interval=1h&limit=50&symbol=BUSDT
2026-04-09 08:53:04 [WARNING] coin_scanner         [INX/USDT:USDT] 네트워크 오류: binanceusdm GET https://testnet.binancefuture.com/fapi/v1/klines?interval=1h&limit=50&symbol=INXUSDT
2026-04-09 08:53:04 [WARNING] coin_scanner         [MYX/USDT:USDT] 네트워크 오류: binanceusdm GET https://testnet.binancefuture.com/fapi/v1/klines?interval=1h&limit=50&symbol=MYXUSDT
2026-04-09 08:53:04 [WARNING] coin_scanner         [ZEREBRO/USDT:USDT] 네트워크 오류: binanceusdm GET https://testnet.binancefuture.com/fapi/v1/klines?interval=1h&limit=50&symbol=ZEREBROUSDT
2026-04-09 08:53:04 [WARNING] coin_scanner         [BR/USDT:USDT] 네트워크 오류: binanceusdm GET https://testnet.binancefuture.com/fapi/v1/klines?interval=1h&limit=50&symbol=BRUSDT
2026-04-09 08:53:04 [WARNING] coin_scanner         [HIGH/USDT:USDT] 네트워크 오류: binanceusdm GET https://testnet.binancefuture.com/fapi/v1/klines?interval=1h&limit=50&symbol=HIGHUSDT
2026-04-09 08:53:04 [WARNING] coin_scanner         [DUSK/USDT:USDT] 네트워크 오류: binanceusdm GET https://testnet.binancefuture.com/fapi/v1/klines?interval=1h&limit=50&symbol=DUSKUSDT
2026-04-09 08:53:04 [WARNING] coin_scanner         [RPL/USDT:USDT] 네트워크 오류: binanceusdm GET https://testnet.binancefuture.com/fapi/v1/klines?interval=1h&limit=50&symbol=RPLUSDT
2026-04-09 08:53:04 [WARNING] coin_scanner         [币安人生/USDT:USDT] 네트워크 오류: binanceusdm GET https://testnet.binancefuture.com/fapi/v1/klines?interval=1h&limit=50&symbol=%E5%B8%81%E5%AE%89%E4%BA%BA%E7%94%9FUSDT
2026-04-09 08:53:04 [WARNING] coin_scanner         [MEW/USDT:USDT] 네트워크 오류: binanceusdm GET https://testnet.binancefuture.com/fapi/v1/klines?interval=1h&limit=50&symbol=MEWUSDT
2026-04-09 08:53:04 [WARNING] coin_scanner         [JCT/USDT:USDT] 네트워크 오류: binanceusdm GET https://testnet.binancefuture.com/fapi/v1/klines?interval=1h&limit=50&symbol=JCTUSDT
2026-04-09 08:53:04 [WARNING] coin_scanner         [OGN/USDT:USDT] 네트워크 오류: binanceusdm GET https://testnet.binancefuture.com/fapi/v1/klines?interval=1h&limit=50&symbol=OGNUSDT
2026-04-09 08:53:04 [WARNING] coin_scanner         [ENA/USDT:USDT] 네트워크 오류: binanceusdm GET https://testnet.binancefuture.com/fapi/v1/klines?interval=1h&limit=50&symbol=ENAUSDT
2026-04-09 08:53:04 [WARNING] coin_scanner         [TAIKO/USDT:USDT] 네트워크 오류: binanceusdm GET https://testnet.binancefuture.com/fapi/v1/klines?interval=1h&limit=50&symbol=TAIKOUSDT
2026-04-09 08:53:05 [WARNING] coin_scanner         [0G/USDT:USDT] 네트워크 오류: binanceusdm GET https://testnet.binancefuture.com/fapi/v1/klines?interval=1h&limit=50&symbol=0GUSDT
2026-04-09 08:53:05 [WARNING] coin_scanner         [WLFI/USDT:USDT] 네트워크 오류: binanceusdm GET https://testnet.binancefuture.com/fapi/v1/klines?interval=1h&limit=50&symbol=WLFIUSDT
2026-04-09 08:53:05 [WARNING] coin_scanner         [ESPORTS/USDT:USDT] 네트워크 오류: binanceusdm GET https://testnet.binancefuture.com/fapi/v1/klines?interval=1h&limit=50&symbol=ESPORTSUSDT
2026-04-09 08:53:05 [WARNING] coin_scanner         [AXL/USDT:USDT] 네트워크 오류: binanceusdm GET https://testnet.binancefuture.com/fapi/v1/klines?interval=1h&limit=50&symbol=AXLUSDT
2026-04-09 08:53:05 [WARNING] coin_scanner         [FIL/USDT:USDT] 네트워크 오류: binanceusdm GET https://testnet.binancefuture.com/fapi/v1/klines?interval=1h&limit=50&symbol=FILUSDT
2026-04-09 08:53:05 [WARNING] coin_scanner         [ALT/USDT:USDT] 네트워크 오류: binanceusdm GET https://testnet.binancefuture.com/fapi/v1/klines?interval=1h&limit=50&symbol=ALTUSDT
2026-04-09 08:53:05 [WARNING] coin_scanner         [CRCL/USDT:USDT] 네트워크 오류: binanceusdm GET https://testnet.binancefuture.com/fapi/v1/klines?interval=1h&limit=50&symbol=CRCLUSDT
2026-04-09 08:53:05 [WARNING] coin_scanner         [DOGE/USDT:USDT] 네트워크 오류: binanceusdm GET https://testnet.binancefuture.com/fapi/v1/klines?interval=1h&limit=50&symbol=DOGEUSDT
2026-04-09 08:53:05 [WARNING] coin_scanner         [BROCCOLI714/USDT:USDT] 네트워크 오류: binanceusdm GET https://testnet.binancefuture.com/fapi/v1/klines?interval=1h&limit=50&symbol=BROCCOLI714USDT
2026-04-09 08:53:05 [WARNING] coin_scanner         [EGLD/USDT:USDT] 네트워크 오류: binanceusdm GET https://testnet.binancefuture.com/fapi/v1/klines?interval=1h&limit=50&symbol=EGLDUSDT
2026-04-09 08:53:05 [WARNING] coin_scanner         [PHA/USDT:USDT] 네트워크 오류: binanceusdm GET https://testnet.binancefuture.com/fapi/v1/klines?interval=1h&limit=50&symbol=PHAUSDT
2026-04-09 08:53:05 [WARNING] coin_scanner         [RED/USDT:USDT] 네트워크 오류: binanceusdm GET https://testnet.binancefuture.com/fapi/v1/klines?interval=1h&limit=50&symbol=REDUSDT
2026-04-09 08:53:05 [WARNING] coin_scanner         [PROMPT/USDT:USDT] 네트워크 오류: binanceusdm GET https://testnet.binancefuture.com/fapi/v1/klines?interval=1h&limit=50&symbol=PROMPTUSDT
2026-04-09 08:53:05 [WARNING] coin_scanner         [GMX/USDT:USDT] 네트워크 오류: binanceusdm GET https://testnet.binancefuture.com/fapi/v1/klines?interval=1h&limit=50&symbol=GMXUSDT
2026-04-09 08:53:05 [WARNING] coin_scanner         [HOOK/USDT:USDT] 네트워크 오류: binanceusdm GET https://testnet.binancefuture.com/fapi/v1/klines?interval=1h&limit=50&symbol=HOOKUSDT
2026-04-09 08:53:05 [WARNING] coin_scanner         [PORT3/USDT:USDT] 네트워크 오류: binanceusdm GET https://testnet.binancefuture.com/fapi/v1/klines?interval=1h&limit=50&symbol=PORT3USDT
2026-04-09 08:53:05 [WARNING] coin_scanner         [FIGHT/USDT:USDT] 네트워크 오류: binanceusdm GET https://testnet.binancefuture.com/fapi/v1/klines?interval=1h&limit=50&symbol=FIGHTUSDT
2026-04-09 08:53:05 [WARNING] coin_scanner         [SPACE/USDT:USDT] 네트워크 오류: binanceusdm GET https://testnet.binancefuture.com/fapi/v1/klines?interval=1h&limit=50&symbol=SPACEUSDT
2026-04-09 08:53:06 [WARNING] coin_scanner         [1000CHEEMS/USDT:USDT] 네트워크 오류: binanceusdm GET https://testnet.binancefuture.com/fapi/v1/klines?interval=1h&limit=50&symbol=1000CHEEMSUSDT
2026-04-09 08:53:06 [WARNING] coin_scanner         [PUFFER/USDT:USDT] 네트워크 오류: binanceusdm GET https://testnet.binancefuture.com/fapi/v1/klines?interval=1h&limit=50&symbol=PUFFERUSDT
2026-04-09 08:53:06 [WARNING] coin_scanner         [SLERF/USDT:USDT] 네트워크 오류: binanceusdm GET https://testnet.binancefuture.com/fapi/v1/klines?interval=1h&limit=50&symbol=SLERFUSDT
2026-04-09 08:53:06 [WARNING] coin_scanner         [TRUMP/USDT:USDT] 네트워크 오류: binanceusdm GET https://testnet.binancefuture.com/fapi/v1/klines?interval=1h&limit=50&symbol=TRUMPUSDT
2026-04-09 08:53:06 [WARNING] coin_scanner         [DEGEN/USDT:USDT] 네트워크 오류: binanceusdm GET https://testnet.binancefuture.com/fapi/v1/klines?interval=1h&limit=50&symbol=DEGENUSDT
2026-04-09 08:53:06 [WARNING] coin_scanner         [QNT/USDT:USDT] 네트워크 오류: binanceusdm GET https://testnet.binancefuture.com/fapi/v1/klines?interval=1h&limit=50&symbol=QNTUSDT
2026-04-09 08:53:06 [WARNING] coin_scanner         [CETUS/USDT:USDT] 네트워크 오류: binanceusdm GET https://testnet.binancefuture.com/fapi/v1/klines?interval=1h&limit=50&symbol=CETUSUSDT
2026-04-09 08:53:06 [WARNING] coin_scanner         [VELODROME/USDT:USDT] 네트워크 오류: binanceusdm GET https://testnet.binancefuture.com/fapi/v1/klines?interval=1h&limit=50&symbol=VELODROMEUSDT
2026-04-09 08:53:06 [WARNING] coin_scanner         [HANA/USDT:USDT] 네트워크 오류: binanceusdm GET https://testnet.binancefuture.com/fapi/v1/klines?interval=1h&limit=50&symbol=HANAUSDT
2026-04-09 08:53:06 [WARNING] coin_scanner         [LA/USDT:USDT] 네트워크 오류: binanceusdm GET https://testnet.binancefuture.com/fapi/v1/klines?interval=1h&limit=50&symbol=LAUSDT
2026-04-09 08:53:06 [WARNING] coin_scanner         [WAL/USDT:USDT] 네트워크 오류: binanceusdm GET https://testnet.binancefuture.com/fapi/v1/klines?interval=1h&limit=50&symbol=WALUSDT
2026-04-09 08:53:06 [WARNING] coin_scanner         [HAEDAL/USDT:USDT] 네트워크 오류: binanceusdm GET https://testnet.binancefuture.com/fapi/v1/klines?interval=1h&limit=50&symbol=HAEDALUSDT
2026-04-09 08:53:06 [WARNING] coin_scanner         [ARPA/USDT:USDT] 네트워크 오류: binanceusdm GET https://testnet.binancefuture.com/fapi/v1/klines?interval=1h&limit=50&symbol=ARPAUSDT
2026-04-09 08:53:06 [WARNING] coin_scanner         [AGT/USDT:USDT] 네트워크 오류: binanceusdm GET https://testnet.binancefuture.com/fapi/v1/klines?interval=1h&limit=50&symbol=AGTUSDT
2026-04-09 08:53:06 [WARNING] coin_scanner         [PUNDIX/USDT:USDT] 네트워크 오류: binanceusdm GET https://testnet.binancefuture.com/fapi/v1/klines?interval=1h&limit=50&symbol=PUNDIXUSDT
2026-04-09 08:53:06 [WARNING] coin_scanner         [ZEC/USDT:USDT] 네트워크 오류: binanceusdm GET https://testnet.binancefuture.com/fapi/v1/klines?interval=1h&limit=50&symbol=ZECUSDT
2026-04-09 08:53:07 [WARNING] coin_scanner         [TWT/USDT:USDT] 네트워크 오류: binanceusdm GET https://testnet.binancefuture.com/fapi/v1/klines?interval=1h&limit=50&symbol=TWTUSDT
2026-04-09 08:53:07 [WARNING] coin_scanner         [RLC/USDT:USDT] 네트워크 오류: binanceusdm GET https://testnet.binancefuture.com/fapi/v1/klines?interval=1h&limit=50&symbol=RLCUSDT
2026-04-09 08:53:07 [WARNING] coin_scanner         [MILK/USDT:USDT] 네트워크 오류: binanceusdm GET https://testnet.binancefuture.com/fapi/v1/klines?interval=1h&limit=50&symbol=MILKUSDT
2026-04-09 08:53:07 [WARNING] coin_scanner         [PENDLE/USDT:USDT] 네트워크 오류: binanceusdm GET https://testnet.binancefuture.com/fapi/v1/klines?interval=1h&limit=50&symbol=PENDLEUSDT
2026-04-09 08:53:07 [WARNING] coin_scanner         [KERNEL/USDT:USDT] 네트워크 오류: binanceusdm GET https://testnet.binancefuture.com/fapi/v1/klines?interval=1h&limit=50&symbol=KERNELUSDT
2026-04-09 08:53:07 [WARNING] coin_scanner         [CFX/USDT:USDT] 네트워크 오류: binanceusdm GET https://testnet.binancefuture.com/fapi/v1/klines?interval=1h&limit=50&symbol=CFXUSDT
2026-04-09 08:53:07 [WARNING] coin_scanner         [BOME/USDT:USDT] 네트워크 오류: binanceusdm GET https://testnet.binancefuture.com/fapi/v1/klines?interval=1h&limit=50&symbol=BOMEUSDT
2026-04-09 08:53:07 [WARNING] coin_scanner         [YFI/USDT:USDT] 네트워크 오류: binanceusdm GET https://testnet.binancefuture.com/fapi/v1/klines?interval=1h&limit=50&symbol=YFIUSDT
2026-04-09 08:53:07 [WARNING] coin_scanner         [WLD/USDT:USDT] 네트워크 오류: binanceusdm GET https://testnet.binancefuture.com/fapi/v1/klines?interval=1h&limit=50&symbol=WLDUSDT
2026-04-09 08:53:07 [WARNING] coin_scanner         [FHE/USDT:USDT] 네트워크 오류: binanceusdm GET https://testnet.binancefuture.com/fapi/v1/klines?interval=1h&limit=50&symbol=FHEUSDT
2026-04-09 08:53:07 [WARNING] coin_scanner         [PIPPIN/USDT:USDT] 네트워크 오류: binanceusdm GET https://testnet.binancefuture.com/fapi/v1/klines?interval=1h&limit=50&symbol=PIPPINUSDT
2026-04-09 08:53:07 [WARNING] coin_scanner         [BTR/USDT:USDT] 네트워크 오류: binanceusdm GET https://testnet.binancefuture.com/fapi/v1/klines?interval=1h&limit=50&symbol=BTRUSDT
2026-04-09 08:53:07 [WARNING] coin_scanner         [TRU/USDT:USDT] 네트워크 오류: binanceusdm GET https://testnet.binancefuture.com/fapi/v1/klines?interval=1h&limit=50&symbol=TRUUSDT
2026-04-09 08:53:07 [WARNING] coin_scanner         [PAYP/USDT:USDT] 네트워크 오류: binanceusdm GET https://testnet.binancefuture.com/fapi/v1/klines?interval=1h&limit=50&symbol=PAYPUSDT
2026-04-09 08:53:07 [WARNING] coin_scanner         [DYM/USDT:USDT] 네트워크 오류: binanceusdm GET https://testnet.binancefuture.com/fapi/v1/klines?interval=1h&limit=50&symbol=DYMUSDT
2026-04-09 08:53:07 [WARNING] coin_scanner         [TAG/USDT:USDT] 네트워크 오류: binanceusdm GET https://testnet.binancefuture.com/fapi/v1/klines?interval=1h&limit=50&symbol=TAGUSDT
2026-04-09 08:53:07 [WARNING] coin_scanner         [RUNE/USDT:USDT] 네트워크 오류: binanceusdm GET https://testnet.binancefuture.com/fapi/v1/klines?interval=1h&limit=50&symbol=RUNEUSDT
2026-04-09 08:53:07 [WARNING] coin_scanner         [DOT/USDT:USDT] 네트워크 오류: binanceusdm GET https://testnet.binancefuture.com/fapi/v1/klines?interval=1h&limit=50&symbol=DOTUSDT
2026-04-09 08:53:08 [WARNING] coin_scanner         [MET/USDT:USDT] 네트워크 오류: binanceusdm GET https://testnet.binancefuture.com/fapi/v1/klines?interval=1h&limit=50&symbol=METUSDT
2026-04-09 08:53:08 [WARNING] coin_scanner         [PAXG/USDT:USDT] 네트워크 오류: binanceusdm GET https://testnet.binancefuture.com/fapi/v1/klines?interval=1h&limit=50&symbol=PAXGUSDT
2026-04-09 08:53:08 [WARNING] coin_scanner         [G/USDT:USDT] 네트워크 오류: binanceusdm GET https://testnet.binancefuture.com/fapi/v1/klines?interval=1h&limit=50&symbol=GUSDT
2026-04-09 08:53:08 [WARNING] coin_scanner         [VOXEL/USDT:USDT] 네트워크 오류: binanceusdm GET https://testnet.binancefuture.com/fapi/v1/klines?interval=1h&limit=50&symbol=VOXELUSDT
2026-04-09 08:53:08 [WARNING] coin_scanner         [MTL/USDT:USDT] 네트워크 오류: binanceusdm GET https://testnet.binancefuture.com/fapi/v1/klines?interval=1h&limit=50&symbol=MTLUSDT
2026-04-09 08:53:08 [WARNING] coin_scanner         [STBL/USDT:USDT] 네트워크 오류: binanceusdm GET https://testnet.binancefuture.com/fapi/v1/klines?interval=1h&limit=50&symbol=STBLUSDT
2026-04-09 08:53:08 [WARNING] coin_scanner         [A/USDT:USDT] 네트워크 오류: binanceusdm GET https://testnet.binancefuture.com/fapi/v1/klines?interval=1h&limit=50&symbol=AUSDT
2026-04-09 08:53:08 [WARNING] coin_scanner         [BULLA/USDT:USDT] 네트워크 오류: binanceusdm GET https://testnet.binancefuture.com/fapi/v1/klines?interval=1h&limit=50&symbol=BULLAUSDT
2026-04-09 08:53:08 [WARNING] coin_scanner         [1INCH/USDT:USDT] 네트워크 오류: binanceusdm GET https://testnet.binancefuture.com/fapi/v1/klines?interval=1h&limit=50&symbol=1INCHUSDT
2026-04-09 08:53:08 [WARNING] coin_scanner         [CHZ/USDT:USDT] 네트워크 오류: binanceusdm GET https://testnet.binancefuture.com/fapi/v1/klines?interval=1h&limit=50&symbol=CHZUSDT
2026-04-09 08:53:08 [WARNING] coin_scanner         [NAORIS/USDT:USDT] 네트워크 오류: binanceusdm GET https://testnet.binancefuture.com/fapi/v1/klines?interval=1h&limit=50&symbol=NAORISUSDT
2026-04-09 08:53:08 [WARNING] coin_scanner         [SYS/USDT:USDT] 네트워크 오류: binanceusdm GET https://testnet.binancefuture.com/fapi/v1/klines?interval=1h&limit=50&symbol=SYSUSDT
2026-04-09 08:53:08 [WARNING] coin_scanner         [S/USDT:USDT] 네트워크 오류: binanceusdm GET https://testnet.binancefuture.com/fapi/v1/klines?interval=1h&limit=50&symbol=SUSDT
2026-04-09 08:53:08 [WARNING] coin_scanner         [RDNT/USDT:USDT] 네트워크 오류: binanceusdm GET https://testnet.binancefuture.com/fapi/v1/klines?interval=1h&limit=50&symbol=RDNTUSDT
2026-04-09 08:53:08 [WARNING] coin_scanner         [LISTA/USDT:USDT] 네트워크 오류: binanceusdm GET https://testnet.binancefuture.com/fapi/v1/klines?interval=1h&limit=50&symbol=LISTAUSDT
2026-04-09 08:53:08 [WARNING] coin_scanner         [IOTX/USDT:USDT] 네트워크 오류: binanceusdm GET https://testnet.binancefuture.com/fapi/v1/klines?interval=1h&limit=50&symbol=IOTXUSDT
2026-04-09 08:53:08 [WARNING] coin_scanner         [ZRO/USDT:USDT] 네트워크 오류: binanceusdm GET https://testnet.binancefuture.com/fapi/v1/klines?interval=1h&limit=50&symbol=ZROUSDT
2026-04-09 08:53:09 [WARNING] coin_scanner         [LDO/USDT:USDT] 네트워크 오류: binanceusdm GET https://testnet.binancefuture.com/fapi/v1/klines?interval=1h&limit=50&symbol=LDOUSDT
2026-04-09 08:53:09 [WARNING] coin_scanner         [PROM/USDT:USDT] 네트워크 오류: binanceusdm GET https://testnet.binancefuture.com/fapi/v1/klines?interval=1h&limit=50&symbol=PROMUSDT
2026-04-09 08:53:09 [WARNING] coin_scanner         [AEVO/USDT:USDT] 네트워크 오류: binanceusdm GET https://testnet.binancefuture.com/fapi/v1/klines?interval=1h&limit=50&symbol=AEVOUSDT
2026-04-09 08:53:09 [WARNING] coin_scanner         [ACH/USDT:USDT] 네트워크 오류: binanceusdm GET https://testnet.binancefuture.com/fapi/v1/klines?interval=1h&limit=50&symbol=ACHUSDT
2026-04-09 08:53:09 [WARNING] coin_scanner         [BNT/USDT:USDT] 네트워크 오류: binanceusdm GET https://testnet.binancefuture.com/fapi/v1/klines?interval=1h&limit=50&symbol=BNTUSDT
2026-04-09 08:53:09 [WARNING] coin_scanner         [LAB/USDT:USDT] 네트워크 오류: binanceusdm GET https://testnet.binancefuture.com/fapi/v1/klines?interval=1h&limit=50&symbol=LABUSDT
2026-04-09 08:53:09 [WARNING] coin_scanner         [XRP/USDT:USDT] 네트워크 오류: binanceusdm GET https://testnet.binancefuture.com/fapi/v1/klines?interval=1h&limit=50&symbol=XRPUSDT
2026-04-09 08:53:09 [WARNING] coin_scanner         [SPX/USDT:USDT] 네트워크 오류: binanceusdm GET https://testnet.binancefuture.com/fapi/v1/klines?interval=1h&limit=50&symbol=SPXUSDT
2026-04-09 08:53:09 [WARNING] coin_scanner         [COLLECT/USDT:USDT] 네트워크 오류: binanceusdm GET https://testnet.binancefuture.com/fapi/v1/klines?interval=1h&limit=50&symbol=COLLECTUSDT
2026-04-09 08:53:09 [WARNING] coin_scanner         [LSK/USDT:USDT] 네트워크 오류: binanceusdm GET https://testnet.binancefuture.com/fapi/v1/klines?interval=1h&limit=50&symbol=LSKUSDT
2026-04-09 08:53:09 [WARNING] coin_scanner         [TRADOOR/USDT:USDT] 네트워크 오류: binanceusdm GET https://testnet.binancefuture.com/fapi/v1/klines?interval=1h&limit=50&symbol=TRADOORUSDT
2026-04-09 08:53:09 [WARNING] coin_scanner         [LQTY/USDT:USDT] 네트워크 오류: binanceusdm GET https://testnet.binancefuture.com/fapi/v1/klines?interval=1h&limit=50&symbol=LQTYUSDT
2026-04-09 08:53:09 [WARNING] coin_scanner         [BERA/USDT:USDT] 네트워크 오류: binanceusdm GET https://testnet.binancefuture.com/fapi/v1/klines?interval=1h&limit=50&symbol=BERAUSDT
2026-04-09 08:53:09 [WARNING] coin_scanner         [LRC/USDT:USDT] 네트워크 오류: binanceusdm GET https://testnet.binancefuture.com/fapi/v1/klines?interval=1h&limit=50&symbol=LRCUSDT
2026-04-09 08:53:09 [WARNING] coin_scanner         [AIXBT/USDT:USDT] 네트워크 오류: binanceusdm GET https://testnet.binancefuture.com/fapi/v1/klines?interval=1h&limit=50&symbol=AIXBTUSDT
2026-04-09 08:53:09 [WARNING] coin_scanner         [XMR/USDT:USDT] 네트워크 오류: binanceusdm GET https://testnet.binancefuture.com/fapi/v1/klines?interval=1h&limit=50&symbol=XMRUSDT
2026-04-09 08:53:09 [WARNING] coin_scanner         [RVN/USDT:USDT] 네트워크 오류: binanceusdm GET https://testnet.binancefuture.com/fapi/v1/klines?interval=1h&limit=50&symbol=RVNUSDT
2026-04-09 08:53:10 [WARNING] coin_scanner         [EPT/USDT:USDT] 네트워크 오류: binanceusdm GET https://testnet.binancefuture.com/fapi/v1/klines?interval=1h&limit=50&symbol=EPTUSDT
2026-04-09 08:53:10 [WARNING] coin_scanner         [AKE/USDT:USDT] 네트워크 오류: binanceusdm GET https://testnet.binancefuture.com/fapi/v1/klines?interval=1h&limit=50&symbol=AKEUSDT
2026-04-09 08:53:10 [WARNING] coin_scanner         [COIN/USDT:USDT] 네트워크 오류: binanceusdm GET https://testnet.binancefuture.com/fapi/v1/klines?interval=1h&limit=50&symbol=COINUSDT
2026-04-09 08:53:10 [WARNING] coin_scanner         [PYTH/USDT:USDT] 네트워크 오류: binanceusdm GET https://testnet.binancefuture.com/fapi/v1/klines?interval=1h&limit=50&symbol=PYTHUSDT
2026-04-09 08:53:10 [WARNING] coin_scanner         [FIO/USDT:USDT] 네트워크 오류: binanceusdm GET https://testnet.binancefuture.com/fapi/v1/klines?interval=1h&limit=50&symbol=FIOUSDT
2026-04-09 08:53:10 [WARNING] coin_scanner         [C/USDT:USDT] 네트워크 오류: binanceusdm GET https://testnet.binancefuture.com/fapi/v1/klines?interval=1h&limit=50&symbol=CUSDT
2026-04-09 08:53:10 [WARNING] coin_scanner         [WAXP/USDT:USDT] 네트워크 오류: binanceusdm GET https://testnet.binancefuture.com/fapi/v1/klines?interval=1h&limit=50&symbol=WAXPUSDT
2026-04-09 08:53:10 [WARNING] coin_scanner         [ATH/USDT:USDT] 네트워크 오류: binanceusdm GET https://testnet.binancefuture.com/fapi/v1/klines?interval=1h&limit=50&symbol=ATHUSDT
2026-04-09 08:53:10 [WARNING] coin_scanner         [FOGO/USDT:USDT] 네트워크 오류: binanceusdm GET https://testnet.binancefuture.com/fapi/v1/klines?interval=1h&limit=50&symbol=FOGOUSDT
2026-04-09 08:53:10 [WARNING] coin_scanner         [SUPER/USDT:USDT] 네트워크 오류: binanceusdm GET https://testnet.binancefuture.com/fapi/v1/klines?interval=1h&limit=50&symbol=SUPERUSDT
2026-04-09 08:53:10 [WARNING] coin_scanner         [HOLO/USDT:USDT] 네트워크 오류: binanceusdm GET https://testnet.binancefuture.com/fapi/v1/klines?interval=1h&limit=50&symbol=HOLOUSDT
2026-04-09 08:53:10 [WARNING] coin_scanner         [HIPPO/USDT:USDT] 네트워크 오류: binanceusdm GET https://testnet.binancefuture.com/fapi/v1/klines?interval=1h&limit=50&symbol=HIPPOUSDT
2026-04-09 08:53:10 [WARNING] coin_scanner         [EDU/USDT:USDT] 네트워크 오류: binanceusdm GET https://testnet.binancefuture.com/fapi/v1/klines?interval=1h&limit=50&symbol=EDUUSDT
2026-04-09 08:53:10 [WARNING] coin_scanner         [NFP/USDT:USDT] 네트워크 오류: binanceusdm GET https://testnet.binancefuture.com/fapi/v1/klines?interval=1h&limit=50&symbol=NFPUSDT
2026-04-09 08:53:10 [WARNING] coin_scanner         [UNI/USDT:USDT] 네트워크 오류: binanceusdm GET https://testnet.binancefuture.com/fapi/v1/klines?interval=1h&limit=50&symbol=UNIUSDT
2026-04-09 08:53:10 [WARNING] coin_scanner         [NTRN/USDT:USDT] 네트워크 오류: binanceusdm GET https://testnet.binancefuture.com/fapi/v1/klines?interval=1h&limit=50&symbol=NTRNUSDT
2026-04-09 08:53:10 [WARNING] coin_scanner         [SAHARA/USDT:USDT] 네트워크 오류: binanceusdm GET https://testnet.binancefuture.com/fapi/v1/klines?interval=1h&limit=50&symbol=SAHARAUSDT
2026-04-09 08:53:11 [WARNING] coin_scanner         [BB/USDT:USDT] 네트워크 오류: binanceusdm GET https://testnet.binancefuture.com/fapi/v1/klines?interval=1h&limit=50&symbol=BBUSDT
2026-04-09 08:53:11 [WARNING] coin_scanner         [PLTR/USDT:USDT] 네트워크 오류: binanceusdm GET https://testnet.binancefuture.com/fapi/v1/klines?interval=1h&limit=50&symbol=PLTRUSDT
2026-04-09 08:53:11 [WARNING] coin_scanner         [CGPT/USDT:USDT] 네트워크 오류: binanceusdm GET https://testnet.binancefuture.com/fapi/v1/klines?interval=1h&limit=50&symbol=CGPTUSDT
2026-04-09 08:53:11 [WARNING] coin_scanner         [COS/USDT:USDT] 네트워크 오류: binanceusdm GET https://testnet.binancefuture.com/fapi/v1/klines?interval=1h&limit=50&symbol=COSUSDT
2026-04-09 08:53:11 [WARNING] coin_scanner         [DOLO/USDT:USDT] 네트워크 오류: binanceusdm GET https://testnet.binancefuture.com/fapi/v1/klines?interval=1h&limit=50&symbol=DOLOUSDT
2026-04-09 08:53:11 [WARNING] coin_scanner         [MANTA/USDT:USDT] 네트워크 오류: binanceusdm GET https://testnet.binancefuture.com/fapi/v1/klines?interval=1h&limit=50&symbol=MANTAUSDT
2026-04-09 08:53:11 [WARNING] coin_scanner         [PLAY/USDT:USDT] 네트워크 오류: binanceusdm GET https://testnet.binancefuture.com/fapi/v1/klines?interval=1h&limit=50&symbol=PLAYUSDT
2026-04-09 08:53:11 [WARNING] coin_scanner         [CLANKER/USDT:USDT] 네트워크 오류: binanceusdm GET https://testnet.binancefuture.com/fapi/v1/klines?interval=1h&limit=50&symbol=CLANKERUSDT
2026-04-09 08:53:11 [WARNING] coin_scanner         [MIRA/USDT:USDT] 네트워크 오류: binanceusdm GET https://testnet.binancefuture.com/fapi/v1/klines?interval=1h&limit=50&symbol=MIRAUSDT
2026-04-09 08:53:11 [WARNING] coin_scanner         [TAC/USDT:USDT] 네트워크 오류: binanceusdm GET https://testnet.binancefuture.com/fapi/v1/klines?interval=1h&limit=50&symbol=TACUSDT
2026-04-09 08:53:11 [WARNING] coin_scanner         [HOOD/USDT:USDT] 네트워크 오류: binanceusdm GET https://testnet.binancefuture.com/fapi/v1/klines?interval=1h&limit=50&symbol=HOODUSDT
2026-04-09 08:53:11 [WARNING] coin_scanner         [LINK/USDT:USDT] 네트워크 오류: binanceusdm GET https://testnet.binancefuture.com/fapi/v1/klines?interval=1h&limit=50&symbol=LINKUSDT
2026-04-09 08:53:11 [WARNING] coin_scanner         [AIO/USDT:USDT] 네트워크 오류: binanceusdm GET https://testnet.binancefuture.com/fapi/v1/klines?interval=1h&limit=50&symbol=AIOUSDT
2026-04-09 08:53:11 [WARNING] coin_scanner         [NMR/USDT:USDT] 네트워크 오류: binanceusdm GET https://testnet.binancefuture.com/fapi/v1/klines?interval=1h&limit=50&symbol=NMRUSDT
2026-04-09 08:53:11 [WARNING] coin_scanner         [YALA/USDT:USDT] 네트워크 오류: binanceusdm GET https://testnet.binancefuture.com/fapi/v1/klines?interval=1h&limit=50&symbol=YALAUSDT
2026-04-09 08:53:11 [WARNING] coin_scanner         [ARB/USDT:USDT] 네트워크 오류: binanceusdm GET https://testnet.binancefuture.com/fapi/v1/klines?interval=1h&limit=50&symbol=ARBUSDT
2026-04-09 08:53:11 [WARNING] coin_scanner         [POLYX/USDT:USDT] 네트워크 오류: binanceusdm GET https://testnet.binancefuture.com/fapi/v1/klines?interval=1h&limit=50&symbol=POLYXUSDT
2026-04-09 08:53:11 [WARNING] coin_scanner         [MAGMA/USDT:USDT] 네트워크 오류: binanceusdm GET https://testnet.binancefuture.com/fapi/v1/klines?interval=1h&limit=50&symbol=MAGMAUSDT
2026-04-09 08:53:12 [WARNING] coin_scanner         [ACU/USDT:USDT] 네트워크 오류: binanceusdm GET https://testnet.binancefuture.com/fapi/v1/klines?interval=1h&limit=50&symbol=ACUUSDT
2026-04-09 08:53:12 [WARNING] coin_scanner         [BOB/USDT:USDT] 네트워크 오류: binanceusdm GET https://testnet.binancefuture.com/fapi/v1/klines?interval=1h&limit=50&symbol=BOBUSDT
2026-04-09 08:53:12 [WARNING] coin_scanner         [CTSI/USDT:USDT] 네트워크 오류: binanceusdm GET https://testnet.binancefuture.com/fapi/v1/klines?interval=1h&limit=50&symbol=CTSIUSDT
2026-04-09 08:53:12 [WARNING] coin_scanner         [KMNO/USDT:USDT] 네트워크 오류: binanceusdm GET https://testnet.binancefuture.com/fapi/v1/klines?interval=1h&limit=50&symbol=KMNOUSDT
2026-04-09 08:53:12 [WARNING] coin_scanner         [GAS/USDT:USDT] 네트워크 오류: binanceusdm GET https://testnet.binancefuture.com/fapi/v1/klines?interval=1h&limit=50&symbol=GASUSDT
2026-04-09 08:53:12 [WARNING] coin_scanner         [XAG/USDT:USDT] 네트워크 오류: binanceusdm GET https://testnet.binancefuture.com/fapi/v1/klines?interval=1h&limit=50&symbol=XAGUSDT
2026-04-09 08:53:12 [WARNING] coin_scanner         [AIN/USDT:USDT] 네트워크 오류: binanceusdm GET https://testnet.binancefuture.com/fapi/v1/klines?interval=1h&limit=50&symbol=AINUSDT
2026-04-09 08:53:12 [WARNING] coin_scanner         [PENGU/USDT:USDT] 네트워크 오류: binanceusdm GET https://testnet.binancefuture.com/fapi/v1/klines?interval=1h&limit=50&symbol=PENGUUSDT
2026-04-09 08:53:12 [WARNING] coin_scanner         [MYRO/USDT:USDT] 네트워크 오류: binanceusdm GET https://testnet.binancefuture.com/fapi/v1/klines?interval=1h&limit=50&symbol=MYROUSDT
2026-04-09 08:53:12 [WARNING] coin_scanner         [OP/USDT:USDT] 네트워크 오류: binanceusdm GET https://testnet.binancefuture.com/fapi/v1/klines?interval=1h&limit=50&symbol=OPUSDT
2026-04-09 08:53:12 [WARNING] coin_scanner         [THE/USDT:USDT] 네트워크 오류: binanceusdm GET https://testnet.binancefuture.com/fapi/v1/klines?interval=1h&limit=50&symbol=THEUSDT
2026-04-09 08:53:12 [WARNING] coin_scanner         [FIS/USDT:USDT] 네트워크 오류: binanceusdm GET https://testnet.binancefuture.com/fapi/v1/klines?interval=1h&limit=50&symbol=FISUSDT
2026-04-09 08:53:12 [WARNING] coin_scanner         [1000RATS/USDT:USDT] 네트워크 오류: binanceusdm GET https://testnet.binancefuture.com/fapi/v1/klines?interval=1h&limit=50&symbol=1000RATSUSDT
2026-04-09 08:53:12 [WARNING] coin_scanner         [ETHW/USDT:USDT] 네트워크 오류: binanceusdm GET https://testnet.binancefuture.com/fapi/v1/klines?interval=1h&limit=50&symbol=ETHWUSDT
2026-04-09 08:53:12 [WARNING] coin_scanner         [SHELL/USDT:USDT] 네트워크 오류: binanceusdm GET https://testnet.binancefuture.com/fapi/v1/klines?interval=1h&limit=50&symbol=SHELLUSDT
2026-04-09 08:53:12 [WARNING] coin_scanner         [NIGHT/USDT:USDT] 네트워크 오류: binanceusdm GET https://testnet.binancefuture.com/fapi/v1/klines?interval=1h&limit=50&symbol=NIGHTUSDT
2026-04-09 08:53:12 [WARNING] coin_scanner         [PONKE/USDT:USDT] 네트워크 오류: binanceusdm GET https://testnet.binancefuture.com/fapi/v1/klines?interval=1h&limit=50&symbol=PONKEUSDT
2026-04-09 08:53:13 [WARNING] coin_scanner         [JUP/USDT:USDT] 네트워크 오류: binanceusdm GET https://testnet.binancefuture.com/fapi/v1/klines?interval=1h&limit=50&symbol=JUPUSDT
2026-04-09 08:53:13 [WARNING] coin_scanner         [STG/USDT:USDT] 네트워크 오류: binanceusdm GET https://testnet.binancefuture.com/fapi/v1/klines?interval=1h&limit=50&symbol=STGUSDT
2026-04-09 08:53:13 [WARNING] coin_scanner         [STORJ/USDT:USDT] 네트워크 오류: binanceusdm GET https://testnet.binancefuture.com/fapi/v1/klines?interval=1h&limit=50&symbol=STORJUSDT
2026-04-09 08:53:13 [WARNING] coin_scanner         [META/USDT:USDT] 네트워크 오류: binanceusdm GET https://testnet.binancefuture.com/fapi/v1/klines?interval=1h&limit=50&symbol=METAUSDT
2026-04-09 08:53:13 [WARNING] coin_scanner         [COAI/USDT:USDT] 네트워크 오류: binanceusdm GET https://testnet.binancefuture.com/fapi/v1/klines?interval=1h&limit=50&symbol=COAIUSDT
2026-04-09 08:53:13 [WARNING] coin_scanner         [IN/USDT:USDT] 네트워크 오류: binanceusdm GET https://testnet.binancefuture.com/fapi/v1/klines?interval=1h&limit=50&symbol=INUSDT
2026-04-09 08:53:13 [WARNING] coin_scanner         [BIO/USDT:USDT] 네트워크 오류: binanceusdm GET https://testnet.binancefuture.com/fapi/v1/klines?interval=1h&limit=50&symbol=BIOUSDT
2026-04-09 08:53:13 [WARNING] coin_scanner         [F/USDT:USDT] 네트워크 오류: binanceusdm GET https://testnet.binancefuture.com/fapi/v1/klines?interval=1h&limit=50&symbol=FUSDT
2026-04-09 08:53:13 [WARNING] coin_scanner         [MERL/USDT:USDT] 네트워크 오류: binanceusdm GET https://testnet.binancefuture.com/fapi/v1/klines?interval=1h&limit=50&symbol=MERLUSDT
2026-04-09 08:53:13 [WARNING] coin_scanner         [MBOX/USDT:USDT] 네트워크 오류: binanceusdm GET https://testnet.binancefuture.com/fapi/v1/klines?interval=1h&limit=50&symbol=MBOXUSDT
2026-04-09 08:53:13 [WARNING] coin_scanner         [VIC/USDT:USDT] 네트워크 오류: binanceusdm GET https://testnet.binancefuture.com/fapi/v1/klines?interval=1h&limit=50&symbol=VICUSDT
2026-04-09 08:53:13 [WARNING] coin_scanner         [WOO/USDT:USDT] 네트워크 오류: binanceusdm GET https://testnet.binancefuture.com/fapi/v1/klines?interval=1h&limit=50&symbol=WOOUSDT
2026-04-09 08:53:13 [WARNING] coin_scanner         [VVV/USDT:USDT] 네트워크 오류: binanceusdm GET https://testnet.binancefuture.com/fapi/v1/klines?interval=1h&limit=50&symbol=VVVUSDT
2026-04-09 08:53:13 [WARNING] coin_scanner         [POWER/USDT:USDT] 네트워크 오류: binanceusdm GET https://testnet.binancefuture.com/fapi/v1/klines?interval=1h&limit=50&symbol=POWERUSDT
2026-04-09 08:53:13 [WARNING] coin_scanner         [BEAT/USDT:USDT] 네트워크 오류: binanceusdm GET https://testnet.binancefuture.com/fapi/v1/klines?interval=1h&limit=50&symbol=BEATUSDT
2026-04-09 08:53:13 [WARNING] coin_scanner         [1000PEPE/USDT:USDT] 네트워크 오류: binanceusdm GET https://testnet.binancefuture.com/fapi/v1/klines?interval=1h&limit=50&symbol=1000PEPEUSDT
2026-04-09 08:53:13 [WARNING] coin_scanner         [ANKR/USDT:USDT] 네트워크 오류: binanceusdm GET https://testnet.binancefuture.com/fapi/v1/klines?interval=1h&limit=50&symbol=ANKRUSDT
2026-04-09 08:53:13 [WARNING] coin_scanner         [GUN/USDT:USDT] 네트워크 오류: binanceusdm GET https://testnet.binancefuture.com/fapi/v1/klines?interval=1h&limit=50&symbol=GUNUSDT
2026-04-09 08:53:14 [WARNING] coin_scanner         [SKY/USDT:USDT] 네트워크 오류: binanceusdm GET https://testnet.binancefuture.com/fapi/v1/klines?interval=1h&limit=50&symbol=SKYUSDT
2026-04-09 08:53:14 [WARNING] coin_scanner         [SQD/USDT:USDT] 네트워크 오류: binanceusdm GET https://testnet.binancefuture.com/fapi/v1/klines?interval=1h&limit=50&symbol=SQDUSDT
2026-04-09 08:53:14 [WARNING] coin_scanner         [ENS/USDT:USDT] 네트워크 오류: binanceusdm GET https://testnet.binancefuture.com/fapi/v1/klines?interval=1h&limit=50&symbol=ENSUSDT
2026-04-09 08:53:14 [WARNING] coin_scanner         [RAYSOL/USDT:USDT] 네트워크 오류: binanceusdm GET https://testnet.binancefuture.com/fapi/v1/klines?interval=1h&limit=50&symbol=RAYSOLUSDT
2026-04-09 08:53:14 [WARNING] coin_scanner         [ERA/USDT:USDT] 네트워크 오류: binanceusdm GET https://testnet.binancefuture.com/fapi/v1/klines?interval=1h&limit=50&symbol=ERAUSDT
2026-04-09 08:53:14 [WARNING] coin_scanner         [MITO/USDT:USDT] 네트워크 오류: binanceusdm GET https://testnet.binancefuture.com/fapi/v1/klines?interval=1h&limit=50&symbol=MITOUSDT
2026-04-09 08:53:14 [WARNING] coin_scanner         [IMX/USDT:USDT] 네트워크 오류: binanceusdm GET https://testnet.binancefuture.com/fapi/v1/klines?interval=1h&limit=50&symbol=IMXUSDT
2026-04-09 08:53:14 [WARNING] coin_scanner         [GALA/USDT:USDT] 네트워크 오류: binanceusdm GET https://testnet.binancefuture.com/fapi/v1/klines?interval=1h&limit=50&symbol=GALAUSDT
2026-04-09 08:53:14 [WARNING] coin_scanner         [1MBABYDOGE/USDT:USDT] 네트워크 오류: binanceusdm GET https://testnet.binancefuture.com/fapi/v1/klines?interval=1h&limit=50&symbol=1MBABYDOGEUSDT
2026-04-09 08:53:14 [WARNING] coin_scanner         [FET/USDT:USDT] 네트워크 오류: binanceusdm GET https://testnet.binancefuture.com/fapi/v1/klines?interval=1h&limit=50&symbol=FETUSDT
2026-04-09 08:53:14 [WARNING] coin_scanner         [1000FLOKI/USDT:USDT] 네트워크 오류: binanceusdm GET https://testnet.binancefuture.com/fapi/v1/klines?interval=1h&limit=50&symbol=1000FLOKIUSDT
2026-04-09 08:53:14 [WARNING] coin_scanner         [ETH/USDT:USDT] 네트워크 오류: binanceusdm GET https://testnet.binancefuture.com/fapi/v1/klines?interval=1h&limit=50&symbol=ETHUSDT
2026-04-09 08:53:14 [WARNING] coin_scanner         [GUA/USDT:USDT] 네트워크 오류: binanceusdm GET https://testnet.binancefuture.com/fapi/v1/klines?interval=1h&limit=50&symbol=GUAUSDT
2026-04-09 08:53:14 [WARNING] coin_scanner         [HYPE/USDT:USDT] 네트워크 오류: binanceusdm GET https://testnet.binancefuture.com/fapi/v1/klines?interval=1h&limit=50&symbol=HYPEUSDT
2026-04-09 08:53:14 [WARNING] coin_scanner         [MASK/USDT:USDT] 네트워크 오류: binanceusdm GET https://testnet.binancefuture.com/fapi/v1/klines?interval=1h&limit=50&symbol=MASKUSDT
2026-04-09 08:53:14 [WARNING] coin_scanner         [PLUME/USDT:USDT] 네트워크 오류: binanceusdm GET https://testnet.binancefuture.com/fapi/v1/klines?interval=1h&limit=50&symbol=PLUMEUSDT
2026-04-09 08:53:14 [WARNING] coin_scanner         [BIGTIME/USDT:USDT] 네트워크 오류: binanceusdm GET https://testnet.binancefuture.com/fapi/v1/klines?interval=1h&limit=50&symbol=BIGTIMEUSDT
2026-04-09 08:53:15 [WARNING] coin_scanner         [JELLYJELLY/USDT:USDT] 네트워크 오류: binanceusdm GET https://testnet.binancefuture.com/fapi/v1/klines?interval=1h&limit=50&symbol=JELLYJELLYUSDT
2026-04-09 08:53:15 [WARNING] coin_scanner         [LIGHT/USDT:USDT] 네트워크 오류: binanceusdm GET https://testnet.binancefuture.com/fapi/v1/klines?interval=1h&limit=50&symbol=LIGHTUSDT
2026-04-09 08:53:15 [WARNING] coin_scanner         [4/USDT:USDT] 네트워크 오류: binanceusdm GET https://testnet.binancefuture.com/fapi/v1/klines?interval=1h&limit=50&symbol=4USDT
2026-04-09 08:53:15 [WARNING] coin_scanner         [SAPIEN/USDT:USDT] 네트워크 오류: binanceusdm GET https://testnet.binancefuture.com/fapi/v1/klines?interval=1h&limit=50&symbol=SAPIENUSDT
2026-04-09 08:53:15 [WARNING] coin_scanner         [CHESS/USDT:USDT] 네트워크 오류: binanceusdm GET https://testnet.binancefuture.com/fapi/v1/klines?interval=1h&limit=50&symbol=CHESSUSDT
2026-04-09 08:53:15 [WARNING] coin_scanner         [BID/USDT:USDT] 네트워크 오류: binanceusdm GET https://testnet.binancefuture.com/fapi/v1/klines?interval=1h&limit=50&symbol=BIDUSDT
2026-04-09 08:53:15 [WARNING] coin_scanner         [BRETT/USDT:USDT] 네트워크 오류: binanceusdm GET https://testnet.binancefuture.com/fapi/v1/klines?interval=1h&limit=50&symbol=BRETTUSDT
2026-04-09 08:53:15 [WARNING] coin_scanner         [VANRY/USDT:USDT] 네트워크 오류: binanceusdm GET https://testnet.binancefuture.com/fapi/v1/klines?interval=1h&limit=50&symbol=VANRYUSDT
2026-04-09 08:53:15 [WARNING] coin_scanner         [B2/USDT:USDT] 네트워크 오류: binanceusdm GET https://testnet.binancefuture.com/fapi/v1/klines?interval=1h&limit=50&symbol=B2USDT
2026-04-09 08:53:15 [WARNING] coin_scanner         [IOST/USDT:USDT] 네트워크 오류: binanceusdm GET https://testnet.binancefuture.com/fapi/v1/klines?interval=1h&limit=50&symbol=IOSTUSDT
2026-04-09 08:53:15 [WARNING] coin_scanner         [BCH/USDT:USDT] 네트워크 오류: binanceusdm GET https://testnet.binancefuture.com/fapi/v1/klines?interval=1h&limit=50&symbol=BCHUSDT
2026-04-09 08:53:15 [WARNING] apscheduler.scheduler Execution of job "코인 스캔 (trigger: interval[0:05:00], next run at: 2026-04-09 08:51:41 KST)" skipped: maximum number of running instances reached (1)
2026-04-09 08:53:15 [WARNING] apscheduler.executors.default Run time of job "포지션 업데이트 (trigger: interval[0:01:00], next run at: 2026-04-09 08:53:41 KST)" was missed by 0:00:34.486577
2026-04-09 08:53:15 [WARNING] apscheduler.executors.default Run time of job "잔고 갱신 (trigger: interval[0:05:00], next run at: 2026-04-09 08:56:41 KST)" was missed by 0:01:34.486945
2026-04-09 08:53:15 [WARNING] coin_scanner         [MINA/USDT:USDT] 네트워크 오류: binanceusdm GET https://testnet.binancefuture.com/fapi/v1/klines?interval=1h&limit=50&symbol=MINAUSDT
2026-04-09 08:53:15 [WARNING] coin_scanner         [SENT/USDT:USDT] 네트워크 오류: binanceusdm GET https://testnet.binancefuture.com/fapi/v1/klines?interval=1h&limit=50&symbol=SENTUSDT
2026-04-09 08:53:15 [WARNING] coin_scanner         [ZRX/USDT:USDT] 네트워크 오류: binanceusdm GET https://testnet.binancefuture.com/fapi/v1/klines?interval=1h&limit=50&symbol=ZRXUSDT
2026-04-09 08:53:15 [WARNING] coin_scanner         [PORTAL/USDT:USDT] 네트워크 오류: binanceusdm GET https://testnet.binancefuture.com/fapi/v1/klines?interval=1h&limit=50&symbol=PORTALUSDT
2026-04-09 08:53:15 [WARNING] coin_scanner         [1000X/USDT:USDT] 네트워크 오류: binanceusdm GET https://testnet.binancefuture.com/fapi/v1/klines?interval=1h&limit=50&symbol=1000XUSDT
2026-04-09 08:53:15 [WARNING] coin_scanner         [SOL/USDT:USDT] 네트워크 오류: binanceusdm GET https://testnet.binancefuture.com/fapi/v1/klines?interval=1h&limit=50&symbol=SOLUSDT
2026-04-09 08:53:16 [WARNING] coin_scanner         [RONIN/USDT:USDT] 네트워크 오류: binanceusdm GET https://testnet.binancefuture.com/fapi/v1/klines?interval=1h&limit=50&symbol=RONINUSDT
2026-04-09 08:53:16 [WARNING] coin_scanner         [PHB/USDT:USDT] 네트워크 오류: binanceusdm GET https://testnet.binancefuture.com/fapi/v1/klines?interval=1h&limit=50&symbol=PHBUSDT
2026-04-09 08:53:16 [WARNING] coin_scanner         [RIF/USDT:USDT] 네트워크 오류: binanceusdm GET https://testnet.binancefuture.com/fapi/v1/klines?interval=1h&limit=50&symbol=RIFUSDT
2026-04-09 08:53:16 [WARNING] coin_scanner         [KSM/USDT:USDT] 네트워크 오류: binanceusdm GET https://testnet.binancefuture.com/fapi/v1/klines?interval=1h&limit=50&symbol=KSMUSDT
2026-04-09 08:53:16 [WARNING] coin_scanner         [SEI/USDT:USDT] 네트워크 오류: binanceusdm GET https://testnet.binancefuture.com/fapi/v1/klines?interval=1h&limit=50&symbol=SEIUSDT
2026-04-09 08:53:16 [WARNING] coin_scanner         [1000BONK/USDT:USDT] 네트워크 오류: binanceusdm GET https://testnet.binancefuture.com/fapi/v1/klines?interval=1h&limit=50&symbol=1000BONKUSDT
2026-04-09 08:53:16 [WARNING] coin_scanner         [BARD/USDT:USDT] 네트워크 오류: binanceusdm GET https://testnet.binancefuture.com/fapi/v1/klines?interval=1h&limit=50&symbol=BARDUSDT
2026-04-09 08:53:16 [WARNING] coin_scanner         [STEEM/USDT:USDT] 네트워크 오류: binanceusdm GET https://testnet.binancefuture.com/fapi/v1/klines?interval=1h&limit=50&symbol=STEEMUSDT
2026-04-09 08:53:16 [WARNING] coin_scanner         [HEMI/USDT:USDT] 네트워크 오류: binanceusdm GET https://testnet.binancefuture.com/fapi/v1/klines?interval=1h&limit=50&symbol=HEMIUSDT
2026-04-09 08:53:16 [WARNING] coin_scanner         [XPT/USDT:USDT] 네트워크 오류: binanceusdm GET https://testnet.binancefuture.com/fapi/v1/klines?interval=1h&limit=50&symbol=XPTUSDT
2026-04-09 08:53:16 [WARNING] coin_scanner         [WET/USDT:USDT] 네트워크 오류: binanceusdm GET https://testnet.binancefuture.com/fapi/v1/klines?interval=1h&limit=50&symbol=WETUSDT
2026-04-09 08:53:16 [WARNING] coin_scanner         [HEI/USDT:USDT] 네트워크 오류: binanceusdm GET https://testnet.binancefuture.com/fapi/v1/klines?interval=1h&limit=50&symbol=HEIUSDT
2026-04-09 08:53:16 [WARNING] coin_scanner         [ZKP/USDT:USDT] 네트워크 오류: binanceusdm GET https://testnet.binancefuture.com/fapi/v1/klines?interval=1h&limit=50&symbol=ZKPUSDT
2026-04-09 08:53:16 [WARNING] coin_scanner         [HMSTR/USDT:USDT] 네트워크 오류: binanceusdm GET https://testnet.binancefuture.com/fapi/v1/klines?interval=1h&limit=50&symbol=HMSTRUSDT
2026-04-09 08:53:16 [WARNING] coin_scanner         [KOMA/USDT:USDT] 네트워크 오류: binanceusdm GET https://testnet.binancefuture.com/fapi/v1/klines?interval=1h&limit=50&symbol=KOMAUSDT
2026-04-09 08:53:16 [WARNING] coin_scanner         [GHST/USDT:USDT] 네트워크 오류: binanceusdm GET https://testnet.binancefuture.com/fapi/v1/klines?interval=1h&limit=50&symbol=GHSTUSDT
2026-04-09 08:53:16 [WARNING] coin_scanner         [MOCA/USDT:USDT] 네트워크 오류: binanceusdm GET https://testnet.binancefuture.com/fapi/v1/klines?interval=1h&limit=50&symbol=MOCAUSDT
2026-04-09 08:53:16 [WARNING] coin_scanner         [ASTR/USDT:USDT] 네트워크 오류: binanceusdm GET https://testnet.binancefuture.com/fapi/v1/klines?interval=1h&limit=50&symbol=ASTRUSDT
2026-04-09 08:53:17 [WARNING] coin_scanner         [TSLA/USDT:USDT] 네트워크 오류: binanceusdm GET https://testnet.binancefuture.com/fapi/v1/klines?interval=1h&limit=50&symbol=TSLAUSDT
2026-04-09 08:53:17 [WARNING] coin_scanner         [SOLV/USDT:USDT] 네트워크 오류: binanceusdm GET https://testnet.binancefuture.com/fapi/v1/klines?interval=1h&limit=50&symbol=SOLVUSDT
2026-04-09 08:53:17 [WARNING] coin_scanner         [BABY/USDT:USDT] 네트워크 오류: binanceusdm GET https://testnet.binancefuture.com/fapi/v1/klines?interval=1h&limit=50&symbol=BABYUSDT
2026-04-09 08:53:17 [WARNING] coin_scanner         [1000SHIB/USDT:USDT] 네트워크 오류: binanceusdm GET https://testnet.binancefuture.com/fapi/v1/klines?interval=1h&limit=50&symbol=1000SHIBUSDT
2026-04-09 08:53:17 [WARNING] coin_scanner         [FIDA/USDT:USDT] 네트워크 오류: binanceusdm GET https://testnet.binancefuture.com/fapi/v1/klines?interval=1h&limit=50&symbol=FIDAUSDT
2026-04-09 08:53:17 [WARNING] coin_scanner         [ETHFI/USDT:USDT] 네트워크 오류: binanceusdm GET https://testnet.binancefuture.com/fapi/v1/klines?interval=1h&limit=50&symbol=ETHFIUSDT
2026-04-09 08:53:17 [WARNING] coin_scanner         [AGLD/USDT:USDT] 네트워크 오류: binanceusdm GET https://testnet.binancefuture.com/fapi/v1/klines?interval=1h&limit=50&symbol=AGLDUSDT
2026-04-09 08:53:17 [WARNING] coin_scanner         [SUI/USDT:USDT] 네트워크 오류: binanceusdm GET https://testnet.binancefuture.com/fapi/v1/klines?interval=1h&limit=50&symbol=SUIUSDT
2026-04-09 08:53:17 [WARNING] coin_scanner         [ON/USDT:USDT] 네트워크 오류: binanceusdm GET https://testnet.binancefuture.com/fapi/v1/klines?interval=1h&limit=50&symbol=ONUSDT
2026-04-09 08:53:17 [WARNING] coin_scanner         [SUSHI/USDT:USDT] 네트워크 오류: binanceusdm GET https://testnet.binancefuture.com/fapi/v1/klines?interval=1h&limit=50&symbol=SUSHIUSDT
2026-04-09 08:53:17 [WARNING] coin_scanner         [HYPER/USDT:USDT] 네트워크 오류: binanceusdm GET https://testnet.binancefuture.com/fapi/v1/klines?interval=1h&limit=50&symbol=HYPERUSDT
2026-04-09 08:53:17 [WARNING] coin_scanner         [XAN/USDT:USDT] 네트워크 오류: binanceusdm GET https://testnet.binancefuture.com/fapi/v1/klines?interval=1h&limit=50&symbol=XANUSDT
2026-04-09 08:53:17 [WARNING] coin_scanner         [JTO/USDT:USDT] 네트워크 오류: binanceusdm GET https://testnet.binancefuture.com/fapi/v1/klines?interval=1h&limit=50&symbol=JTOUSDT
2026-04-09 08:53:17 [WARNING] coin_scanner         [SKR/USDT:USDT] 네트워크 오류: binanceusdm GET https://testnet.binancefuture.com/fapi/v1/klines?interval=1h&limit=50&symbol=SKRUSDT
2026-04-09 08:53:17 [WARNING] coin_scanner         [ZEN/USDT:USDT] 네트워크 오류: binanceusdm GET https://testnet.binancefuture.com/fapi/v1/klines?interval=1h&limit=50&symbol=ZENUSDT
2026-04-09 08:53:17 [WARNING] coin_scanner         [APE/USDT:USDT] 네트워크 오류: binanceusdm GET https://testnet.binancefuture.com/fapi/v1/klines?interval=1h&limit=50&symbol=APEUSDT
2026-04-09 08:53:17 [WARNING] coin_scanner         [PARTI/USDT:USDT] 네트워크 오류: binanceusdm GET https://testnet.binancefuture.com/fapi/v1/klines?interval=1h&limit=50&symbol=PARTIUSDT
2026-04-09 08:53:18 [WARNING] coin_scanner         [REI/USDT:USDT] 네트워크 오류: binanceusdm GET https://testnet.binancefuture.com/fapi/v1/klines?interval=1h&limit=50&symbol=REIUSDT
2026-04-09 08:53:18 [WARNING] coin_scanner         [AIOT/USDT:USDT] 네트워크 오류: binanceusdm GET https://testnet.binancefuture.com/fapi/v1/klines?interval=1h&limit=50&symbol=AIOTUSDT
2026-04-09 08:53:18 [WARNING] coin_scanner         [ORDI/USDT:USDT] 네트워크 오류: binanceusdm GET https://testnet.binancefuture.com/fapi/v1/klines?interval=1h&limit=50&symbol=ORDIUSDT
2026-04-09 08:53:18 [WARNING] coin_scanner         [VIRTUAL/USDT:USDT] 네트워크 오류: binanceusdm GET https://testnet.binancefuture.com/fapi/v1/klines?interval=1h&limit=50&symbol=VIRTUALUSDT
2026-04-09 08:53:18 [WARNING] coin_scanner         [TOKEN/USDT:USDT] 네트워크 오류: binanceusdm GET https://testnet.binancefuture.com/fapi/v1/klines?interval=1h&limit=50&symbol=TOKENUSDT
2026-04-09 08:53:18 [WARNING] coin_scanner         [BICO/USDT:USDT] 네트워크 오류: binanceusdm GET https://testnet.binancefuture.com/fapi/v1/klines?interval=1h&limit=50&symbol=BICOUSDT
2026-04-09 08:53:18 [WARNING] coin_scanner         [我踏马来了/USDT:USDT] 네트워크 오류: binanceusdm GET https://testnet.binancefuture.com/fapi/v1/klines?interval=1h&limit=50&symbol=%E6%88%91%E8%B8%8F%E9%A9%AC%E6%9D%A5%E4%BA%86USDT
2026-04-09 08:53:18 [WARNING] coin_scanner         [IP/USDT:USDT] 네트워크 오류: binanceusdm GET https://testnet.binancefuture.com/fapi/v1/klines?interval=1h&limit=50&symbol=IPUSDT
2026-04-09 08:53:18 [WARNING] coin_scanner         [ID/USDT:USDT] 네트워크 오류: binanceusdm GET https://testnet.binancefuture.com/fapi/v1/klines?interval=1h&limit=50&symbol=IDUSDT
2026-04-09 08:53:18 [WARNING] coin_scanner         [RIVER/USDT:USDT] 네트워크 오류: binanceusdm GET https://testnet.binancefuture.com/fapi/v1/klines?interval=1h&limit=50&symbol=RIVERUSDT
2026-04-09 08:53:18 [WARNING] coin_scanner         [IOTA/USDT:USDT] 네트워크 오류: binanceusdm GET https://testnet.binancefuture.com/fapi/v1/klines?interval=1h&limit=50&symbol=IOTAUSDT
2026-04-09 08:53:18 [WARNING] coin_scanner         [EWJ/USDT:USDT] 네트워크 오류: binanceusdm GET https://testnet.binancefuture.com/fapi/v1/klines?interval=1h&limit=50&symbol=EWJUSDT
2026-04-09 08:53:18 [ERROR] orderbook            호가창 WebSocket 오류: ping/pong timed out
2026-04-09 08:53:18 [ERROR] websocket            ping/pong timed out - goodbye
2026-04-09 08:53:18 [ERROR] data_fetcher         WebSocket 오류: ping/pong timed out
2026-04-09 08:53:18 [ERROR] websocket            ping/pong timed out - goodbye
2026-04-09 08:53:18 [WARNING] coin_scanner         [GRASS/USDT:USDT] 네트워크 오류: binanceusdm GET https://testnet.binancefuture.com/fapi/v1/klines?interval=1h&limit=50&symbol=GRASSUSDT
2026-04-09 08:53:18 [WARNING] coin_scanner         [BLESS/USDT:USDT] 네트워크 오류: binanceusdm GET https://testnet.binancefuture.com/fapi/v1/klines?interval=1h&limit=50&symbol=BLESSUSDT
2026-04-09 08:53:18 [WARNING] coin_scanner         [AIA/USDT:USDT] 네트워크 오류: binanceusdm GET https://testnet.binancefuture.com/fapi/v1/klines?interval=1h&limit=50&symbol=AIAUSDT
2026-04-09 08:53:18 [WARNING] coin_scanner         [SPELL/USDT:USDT] 네트워크 오류: binanceusdm GET https://testnet.binancefuture.com/fapi/v1/klines?interval=1h&limit=50&symbol=SPELLUSDT
2026-04-09 08:53:18 [WARNING] coin_scanner         [SANTOS/USDT:USDT] 네트워크 오류: binanceusdm GET https://testnet.binancefuture.com/fapi/v1/klines?interval=1h&limit=50&symbol=SANTOSUSDT
2026-04-09 08:53:19 [WARNING] coin_scanner         [TNSR/USDT:USDT] 네트워크 오류: binanceusdm GET https://testnet.binancefuture.com/fapi/v1/klines?interval=1h&limit=50&symbol=TNSRUSDT
2026-04-09 08:53:19 [WARNING] coin_scanner         [ARIA/USDT:USDT] 네트워크 오류: binanceusdm GET https://testnet.binancefuture.com/fapi/v1/klines?interval=1h&limit=50&symbol=ARIAUSDT
2026-04-09 08:53:19 [WARNING] coin_scanner         [JOE/USDT:USDT] 네트워크 오류: binanceusdm GET https://testnet.binancefuture.com/fapi/v1/klines?interval=1h&limit=50&symbol=JOEUSDT
2026-04-09 08:53:19 [WARNING] coin_scanner         [W/USDT:USDT] 네트워크 오류: binanceusdm GET https://testnet.binancefuture.com/fapi/v1/klines?interval=1h&limit=50&symbol=WUSDT
2026-04-09 08:53:19 [WARNING] coin_scanner         [ONE/USDT:USDT] 네트워크 오류: binanceusdm GET https://testnet.binancefuture.com/fapi/v1/klines?interval=1h&limit=50&symbol=ONEUSDT
2026-04-09 08:53:19 [INFO] coin_scanner         === 스캔 완료: 최종 후보 6개 ===
2026-04-09 08:53:19 [INFO] coin_scanner           FARTCOIN/USDT:USDT | score=7.9 | ADX=47.4 | ATR%=5.07% | VolRatio=4.4x
2026-04-09 08:53:19 [INFO] coin_scanner           MAGIC/USDT:USDT | score=2.5 | ADX=43.7 | ATR%=1.83% | VolRatio=1.3x
2026-04-09 08:53:19 [INFO] coin_scanner           FRAX/USDT:USDT  | score=2.1 | ADX=41.9 | ATR%=1.61% | VolRatio=1.2x
2026-04-09 08:53:19 [INFO] coin_scanner           USELESS/USDT:USDT | score=1.6 | ADX=27.4 | ATR%=2.63% | VolRatio=1.4x
2026-04-09 08:53:19 [INFO] coin_scanner           ICNT/USDT:USDT  | score=1.2 | ADX=35.2 | ATR%=1.52% | VolRatio=1.4x
2026-04-09 08:53:19 [INFO] coin_scanner           TA/USDT:USDT    | score=0.8 | ADX=31.5 | ATR%=1.56% | VolRatio=1.8x
2026-04-09 08:53:19 [INFO] main                 스캔 완료: 6개 후보
2026-04-09 08:53:19 [INFO] main                 심볼 변경 감지  추가=[]  제거=['BLUR/USDT:USDT', 'SPACE/USDT:USDT', 'XAN/USDT:USDT', 'KITE/USDT:USDT']
2026-04-09 08:53:19 [INFO] data_fetcher         DataFetcher 종료 중...
2026-04-09 08:53:21 [WARNING] orderbook            호가창 WebSocket 닫힘 (code=None)
2026-04-09 08:53:21 [WARNING] orderbook            5초 후 재연결...
2026-04-09 08:53:21 [WARNING] data_fetcher         WebSocket 닫힘 (code=None, msg=None)
2026-04-09 08:53:21 [INFO] data_fetcher         DataFetcher 종료 완료
2026-04-09 08:53:21 [INFO] data_fetcher         DataFetcher 시작
2026-04-09 08:53:21 [INFO] data_fetcher         초기 OHLCV 데이터 REST 로드 중...
2026-04-09 08:53:21 [ERROR] data_fetcher         초기 로드 실패 [FARTCOIN/USDT:USDT 15m]: binanceusdm GET https://testnet.binancefuture.com/fapi/v1/exchangeInfo
2026-04-09 08:53:21 [ERROR] data_fetcher         초기 로드 실패 [FARTCOIN/USDT:USDT 1h]: binanceusdm GET https://testnet.binancefuture.com/fapi/v1/exchangeInfo
2026-04-09 08:53:21 [ERROR] data_fetcher         초기 로드 실패 [TA/USDT:USDT 15m]: binanceusdm GET https://testnet.binancefuture.com/fapi/v1/exchangeInfo
2026-04-09 08:53:21 [ERROR] data_fetcher         초기 로드 실패 [TA/USDT:USDT 1h]: binanceusdm GET https://testnet.binancefuture.com/fapi/v1/exchangeInfo
2026-04-09 08:53:21 [ERROR] data_fetcher         초기 로드 실패 [FRAX/USDT:USDT 15m]: binanceusdm GET https://testnet.binancefuture.com/fapi/v1/exchangeInfo
2026-04-09 08:53:22 [ERROR] data_fetcher         초기 로드 실패 [FRAX/USDT:USDT 1h]: binanceusdm GET https://testnet.binancefuture.com/fapi/v1/exchangeInfo
2026-04-09 08:53:22 [ERROR] data_fetcher         초기 로드 실패 [USELESS/USDT:USDT 15m]: binanceusdm GET https://testnet.binancefuture.com/fapi/v1/exchangeInfo
2026-04-09 08:53:22 [ERROR] data_fetcher         초기 로드 실패 [USELESS/USDT:USDT 1h]: binanceusdm GET https://testnet.binancefuture.com/fapi/v1/exchangeInfo
2026-04-09 08:53:22 [ERROR] data_fetcher         초기 로드 실패 [ICNT/USDT:USDT 15m]: binanceusdm GET https://testnet.binancefuture.com/fapi/v1/exchangeInfo
2026-04-09 08:53:22 [ERROR] data_fetcher         초기 로드 실패 [ICNT/USDT:USDT 1h]: binanceusdm GET https://testnet.binancefuture.com/fapi/v1/exchangeInfo
2026-04-09 08:53:22 [ERROR] data_fetcher         초기 로드 실패 [MAGIC/USDT:USDT 15m]: binanceusdm GET https://testnet.binancefuture.com/fapi/v1/exchangeInfo
2026-04-09 08:53:22 [ERROR] data_fetcher         초기 로드 실패 [MAGIC/USDT:USDT 1h]: binanceusdm GET https://testnet.binancefuture.com/fapi/v1/exchangeInfo
2026-04-09 08:53:22 [INFO] data_fetcher         초기 데이터 로드 완료
2026-04-09 08:53:22 [INFO] data_fetcher         WebSocket 연결: wss://fstream.binance.com/stream?streams=fartcoinusdt@kline_15m/fartcoinusdt@kli...
2026-04-09 08:53:22 [INFO] data_fetcher         WebSocket 스레드 시작 완료
2026-04-09 08:53:22 [INFO] orderbook            OrderBookManager 종료
2026-04-09 08:53:22 [ERROR] data_fetcher         WebSocket 오류: [Errno 8] nodename nor servname provided, or not known
2026-04-09 08:53:22 [ERROR] websocket            [Errno 8] nodename nor servname provided, or not known - goodbye
2026-04-09 08:53:22 [WARNING] data_fetcher         WebSocket 닫힘 (code=None, msg=None)
2026-04-09 08:53:22 [WARNING] data_fetcher         5초 후 재연결 시도...
2026-04-09 08:53:26 [INFO] orderbook            OrderBookManager 시작
2026-04-09 08:53:26 [INFO] orderbook            호가창 WebSocket 연결: wss://fstream.binance.com/stream?streams=fartcoinusdt@depth20@100ms/tausdt@depth...
2026-04-09 08:53:26 [INFO] main                 피드 시작: 6개 심볼  ['15m', '1h']
2026-04-09 08:53:26 [ERROR] orderbook            호가창 WebSocket 오류: [Errno 8] nodename nor servname provided, or not known
2026-04-09 08:53:26 [ERROR] websocket            [Errno 8] nodename nor servname provided, or not known - goodbye
2026-04-09 08:53:26 [WARNING] orderbook            호가창 WebSocket 닫힘 (code=None)
2026-04-09 08:53:26 [WARNING] orderbook            5초 후 재연결...
2026-04-09 08:53:27 [INFO] data_fetcher         WebSocket 연결: wss://fstream.binance.com/stream?streams=fartcoinusdt@kline_15m/fartcoinusdt@kli...
2026-04-09 08:53:27 [ERROR] data_fetcher         WebSocket 오류: [Errno 8] nodename nor servname provided, or not known
2026-04-09 08:53:27 [ERROR] websocket            [Errno 8] nodename nor servname provided, or not known - goodbye
2026-04-09 08:53:27 [WARNING] data_fetcher         WebSocket 닫힘 (code=None, msg=None)
2026-04-09 08:53:27 [WARNING] data_fetcher         10초 후 재연결 시도...
2026-04-09 08:59:43 [INFO] orderbook            호가창 WebSocket 연결: wss://fstream.binance.com/stream?streams=fartcoinusdt@depth20@100ms/tausdt@depth...
2026-04-09 08:59:43 [ERROR] orderbook            호가창 WebSocket 오류: [Errno 8] nodename nor servname provided, or not known
2026-04-09 08:59:43 [ERROR] websocket            [Errno 8] nodename nor servname provided, or not known - goodbye
2026-04-09 08:59:43 [WARNING] orderbook            호가창 WebSocket 닫힘 (code=None)
2026-04-09 08:59:43 [WARNING] orderbook            10초 후 재연결...
2026-04-09 08:59:49 [INFO] data_fetcher         WebSocket 연결: wss://fstream.binance.com/stream?streams=fartcoinusdt@kline_15m/fartcoinusdt@kli...
2026-04-09 08:59:52 [INFO] data_fetcher         WebSocket 연결 성공
2026-04-09 08:59:53 [WARNING] apscheduler.executors.default Run time of job "포지션 업데이트 (trigger: interval[0:01:00], next run at: 2026-04-09 09:00:41 KST)" was missed by 0:00:11.829387
2026-04-09 08:59:53 [WARNING] apscheduler.executors.default Run time of job "코인 스캔 (trigger: interval[0:05:00], next run at: 2026-04-09 09:01:41 KST)" was missed by 0:03:11.830439
2026-04-09 08:59:53 [WARNING] apscheduler.executors.default Run time of job "잔고 갱신 (trigger: interval[0:05:00], next run at: 2026-04-09 09:01:41 KST)" was missed by 0:03:11.829735
2026-04-09 08:59:53 [INFO] orderbook            호가창 WebSocket 연결: wss://fstream.binance.com/stream?streams=fartcoinusdt@depth20@100ms/tausdt@depth...
2026-04-09 08:59:53 [INFO] orderbook            호가창 WebSocket 연결 성공
2026-04-09 09:01:36 [INFO] main                 봇 종료 시작...
2026-04-09 09:01:36 [INFO] data_fetcher         DataFetcher 종료 중...
2026-04-09 09:01:36 [WARNING] data_fetcher         WebSocket 닫힘 (code=None, msg=None)
2026-04-09 09:01:36 [INFO] data_fetcher         DataFetcher 종료 완료
2026-04-09 09:01:36 [INFO] orderbook            OrderBookManager 종료
2026-04-09 09:01:36 [WARNING] orderbook            호가창 WebSocket 닫힘 (code=None)
2026-04-09 09:01:38 [INFO] telegram_notifier    TelegramNotifier 종료 중...
2026-04-09 09:01:38 [INFO] main                 봇 종료 완료
